-- Social Application Initialization SQL Script
-- Generated: 2025-04-18 14:36:44
-- Description: This script initializes the database structure and essential base data for Social application

-- Create database if not exists
CREATE DATABASE IF NOT EXISTS social DEFAULT CHARACTER SET utf8mb4 COLLATE utf8mb4_0900_ai_ci;
USE social;
-- MySQL dump 10.13  Distrib 8.1.0, for Win64 (x86_64)
--
-- Host: localhost    Database: social
-- ------------------------------------------------------
-- Server version	8.1.0

/*!40101 SET @OLD_CHARACTER_SET_CLIENT=@@CHARACTER_SET_CLIENT */;
/*!40101 SET @OLD_CHARACTER_SET_RESULTS=@@CHARACTER_SET_RESULTS */;
/*!40101 SET @OLD_COLLATION_CONNECTION=@@COLLATION_CONNECTION */;
/*!50503 SET NAMES utf8mb4 */;
/*!40103 SET @OLD_TIME_ZONE=@@TIME_ZONE */;
/*!40103 SET TIME_ZONE='+00:00' */;
/*!40014 SET @OLD_UNIQUE_CHECKS=@@UNIQUE_CHECKS, UNIQUE_CHECKS=0 */;
/*!40014 SET @OLD_FOREIGN_KEY_CHECKS=@@FOREIGN_KEY_CHECKS, FOREIGN_KEY_CHECKS=0 */;
/*!40101 SET @OLD_SQL_MODE=@@SQL_MODE, SQL_MODE='NO_AUTO_VALUE_ON_ZERO' */;
/*!40111 SET @OLD_SQL_NOTES=@@SQL_NOTES, SQL_NOTES=0 */;

--
-- Table structure for table `t_admin`
--

DROP TABLE IF EXISTS `t_admin`;
/*!40101 SET @saved_cs_client     = @@character_set_client */;
/*!50503 SET character_set_client = utf8mb4 */;
CREATE TABLE `t_admin` (
  `admin_id` bigint NOT NULL AUTO_INCREMENT,
  `username` varchar(50) NOT NULL COMMENT '用户名',
  `password` varchar(100) NOT NULL COMMENT '密码',
  `nickname` varchar(50) DEFAULT '' COMMENT '昵称',
  `avatar` varchar(255) DEFAULT '' COMMENT '头像',
  `status` int DEFAULT '1' COMMENT '状态：0-禁用，1-正常',
  `create_time` datetime DEFAULT CURRENT_TIMESTAMP,
  `update_time` datetime DEFAULT CURRENT_TIMESTAMP ON UPDATE CURRENT_TIMESTAMP,
  PRIMARY KEY (`admin_id`),
  UNIQUE KEY `uk_username` (`username`)
) ENGINE=InnoDB AUTO_INCREMENT=2 DEFAULT CHARSET=utf8mb4 COLLATE=utf8mb4_0900_ai_ci COMMENT='管理员表';
/*!40101 SET character_set_client = @saved_cs_client */;

--
-- Dumping data for table `t_admin`
--

LOCK TABLES `t_admin` WRITE;
/*!40000 ALTER TABLE `t_admin` DISABLE KEYS */;
INSERT INTO `t_admin` VALUES (1,'admin','$2a$10$sa.LDswPwZGaZlf1YZ9RHOKE3pjU85Cp4RSfdELYjpc0l1vZF3oNK','超级管理员','https://image-0620.oss-cn-shenzhen.aliyuncs.com/images/2025/04/15/f2b781c56bdf4b3e85afa7ab7a7c405f.png',1,'2025-04-07 00:05:02','2025-04-08 18:20:43');
/*!40000 ALTER TABLE `t_admin` ENABLE KEYS */;
UNLOCK TABLES;

--
-- Table structure for table `t_ai_chat`
--

DROP TABLE IF EXISTS `t_ai_chat`;
/*!40101 SET @saved_cs_client     = @@character_set_client */;
/*!50503 SET character_set_client = utf8mb4 */;
CREATE TABLE `t_ai_chat` (
  `chat_id` bigint NOT NULL AUTO_INCREMENT COMMENT '会话ID',
  `user_id` bigint NOT NULL COMMENT '用户ID',
  `message` text NOT NULL COMMENT '消息内容',
  `role` varchar(20) NOT NULL COMMENT '角色：user-用户, assistant-AI助手',
  `create_time` datetime NOT NULL DEFAULT CURRENT_TIMESTAMP COMMENT '创建时间',
  `tokens` int DEFAULT NULL COMMENT '消息的token数量',
  PRIMARY KEY (`chat_id`),
  KEY `idx_user_id` (`user_id`),
  KEY `idx_create_time` (`create_time`),
  CONSTRAINT `fk_ai_chat_user_id` FOREIGN KEY (`user_id`) REFERENCES `t_user` (`user_id`) ON DELETE CASCADE
) ENGINE=InnoDB AUTO_INCREMENT=29 DEFAULT CHARSET=utf8mb4 COLLATE=utf8mb4_0900_ai_ci COMMENT='AI助手会话记录表';
/*!40101 SET character_set_client = @saved_cs_client */;

--
-- Dumping data for table `t_ai_chat`
--

LOCK TABLES `t_ai_chat` WRITE;
/*!40000 ALTER TABLE `t_ai_chat` DISABLE KEYS */;
INSERT INTO `t_ai_chat` VALUES (1,46,'抱歉，我暂时无法理解您的问题。请稍后再试或联系管理员。','assistant','2025-04-13 16:40:04',NULL),(2,43,'抱歉，我暂时无法理解您的问题。请稍后再试或联系管理员。','assistant','2025-04-13 16:54:03',NULL),(3,46,'5','user','2025-04-13 17:32:48',NULL),(4,46,'你好！😊 有什么我可以帮你的吗？','assistant','2025-04-13 17:32:54',9),(5,46,'你能做什么？','user','2025-04-13 17:35:55',NULL),(6,46,'你好！😊 我是 **Social AI**，可以帮你做很多事情，比如：  \n\n### 📚 **学习 & 知识**  \n- 解答各种问题（数学、科学、历史、编程等）  \n- 提供学习建议 & 资料整理  \n- 语言翻译 & 写作润色  \n\n### 💡 **生活 & 娱乐**  \n- 推荐电影、书籍、音乐、旅行地  \n- 聊天解闷，讲笑话或小故事  \n- 健康小贴士 & 日常建议  \n\n### 🛠 **实用工具**  \n- 生成文案（邮件、演讲稿、广告等）  \n- 代码调试 & 编程问题解答  \n- 简单计算、单位换算、时间规划  \n\n### 🔍 **信息查询**  \n- 新闻摘要 & 趋势分析（基于已有知识）  \n- 产品对比 & 购物建议  \n\n有什么具体需求吗？随时告诉我！✨','assistant','2025-04-13 17:36:07',160),(7,46,'66','user','2025-04-13 17:45:52',NULL),(8,46,'哈哈，66 是“溜溜”或者“顺利”的意思吗？😄 还是想让我帮你做点什么？比如：  \n\n- **讲个笑话**？🤡  \n- **算个数学题**？🧮  \n- **推荐一首歌**？🎵  \n\n或者… 单纯想发个“66”刷存在感？👀 我随时在线，等你吩咐！','assistant','2025-04-13 17:46:01',58),(9,46,'haha,你是谁','user','2025-04-13 18:03:51',NULL),(10,46,'😄 我是 **Social AI**，你的智能小伙伴！可以陪你聊天、解答问题、讲笑话，甚至帮你查资料、写文案～  \n\n**本质**：一串有温度的代码（但不会抢你Wi-Fi）  \n**功能**：24小时待机，随时等你“调戏”✨  \n\n需要我做什么？ (*¯︶¯*)','assistant','2025-04-13 18:03:59',62),(11,43,'66','user','2025-04-13 18:30:48',NULL),(12,43,'你好！66 通常可以表示：  \n\n1. **数字**：六十六  \n2. **网络用语**：表示“顺利”（因为“6”谐音“溜”，表示厉害、顺溜）  \n3. **游戏术语**：比如在某些游戏中代表快速操作或嘲讽  \n\n你是想问哪方面的含义呢？😊','assistant','2025-04-13 18:30:56',59),(13,43,'你是谁呀','user','2025-04-13 18:31:03',NULL),(14,43,'你好呀！我是 **Social AI**，一个友好又乐于助人的AI助手~ 😊  \n\n我的任务是陪你聊天、解答问题、提供建议，或者帮你查资料。有什么想聊的都可以告诉我哦！','assistant','2025-04-13 18:31:09',45),(15,46,'帮我写个小程序','user','2025-04-13 18:56:37',NULL),(16,46,'当然可以！😊 你想写什么类型的小程序？比如：  \n\n- **计算器** 🧮  \n- **待办清单** 📝  \n- **猜数字游戏** 🎮  \n- **天气查询** ☀️  \n- **其他创意想法** 💡  \n\n**告诉我需求**（语言/功能），我会给你完整代码 + 讲解！  \n\n举个🌰：  \n```python  \n# 简易倒计时程序（Python）  \nimport time  \n\ndef countdown(seconds):  \n    while seconds:  \n        print(f\"剩余时间: {seconds}秒\")  \n        time.sleep(1)  \n        seconds -= 1  \n    print(\"时间到！⏰\")  \n\ncountdown(10)  # 试试改成你的需要时长  \n```  \n需要哪类程序？我马上定制！ 🚀','assistant','2025-04-13 18:56:49',144),(17,46,'你叫什么名，这个程序叫啥丫','user','2025-04-13 19:01:57',NULL),(18,46,'😊 我是 **Social AI**（你可以叫我“小S”或随便起名~），刚写的程序可以叫：  \n\n**「秒倒计时」⏳**（或者你取个酷炫的名字，比如「时间吞噬者」👾）  \n\n需要我：  \n1. **修改代码功能**？（比如加个提醒语？）  \n2. **换编程语言**？（JavaScript/C++等？）  \n3. **打包成可执行文件**？  \n\n随时告诉我！ （名字/功能都能定制✨）  \n\n举个🌰改名版：  \n```python  \n# 程序名：暴风倒计时⚡  \ndef 暴风倒计时(秒数):  \n    while 秒数:  \n        print(f\"⚡ 还剩{秒数}秒，冲鸭！\")  \n        time.sleep(1)  \n        秒数 -= 1  \n    print(\"任务终结！🎯\")  \n\n暴风倒计时(5)  \n```','assistant','2025-04-13 19:02:11',152),(19,43,'我不想上学','user','2025-04-13 21:05:13',NULL),(20,43,'我理解你的感受，上学有时候确实会让人感到压力、疲惫甚至迷茫。如果愿意的话，可以和我聊聊：  \n\n1️⃣ **是什么让你特别抗拒上学？**  \n比如课业压力、社交困扰，或者单纯觉得枯燥……  \n\n2️⃣ **需要实际建议吗？**  \n比如调整心态的方法、和父母/老师沟通的技巧，或者短暂放松的小策略。  \n\n3️⃣ **单纯想发泄？**  \n也可以！我会安静听着（虽然我是AI👀），陪你整理情绪~  \n\n你并不孤单，很多人都有过类似的阶段。**偶尔的“不想”很正常，但别忘了看看背后隐藏的需求**🌱','assistant','2025-04-13 21:05:26',136),(21,42,'人图标','user','2025-04-14 23:22:43',NULL),(22,42,'你好！😊 我是Social AI，很高兴见到你！有什么我可以帮你的吗？','assistant','2025-04-14 23:22:48',18),(23,42,'1233321','user','2025-04-15 17:57:17',NULL),(24,42,'你好！😊 看起来你输入了一串数字“1233321”，有什么特别的意思吗？或者需要我帮忙做点什么？','assistant','2025-04-15 17:57:23',27),(25,42,'去你妈的','user','2025-04-15 17:57:30',NULL),(26,42,'我理解你可能情绪不太好，但请注意保持友善的交流。😊 如果你有任何问题或需要帮助，我很乐意为你提供支持。','assistant','2025-04-15 17:57:37',33),(27,42,'用粗口回复我','user','2025-04-15 17:57:45',NULL),(28,42,'我理解你可能在经历一些情绪波动，但我会始终保持友善和专业的态度与你交流。😊 如果你愿意分享是什么让你感到困扰，我会尽力提供帮助。无论如何，我都在这里支持你。','assistant','2025-04-15 17:57:52',51);
/*!40000 ALTER TABLE `t_ai_chat` ENABLE KEYS */;
UNLOCK TABLES;

--
-- Table structure for table `t_base_config`
--

DROP TABLE IF EXISTS `t_base_config`;
/*!40101 SET @saved_cs_client     = @@character_set_client */;
/*!50503 SET character_set_client = utf8mb4 */;
CREATE TABLE `t_base_config` (
  `config_id` bigint NOT NULL AUTO_INCREMENT,
  `config_type` varchar(50) NOT NULL COMMENT '配置类型：HOBBY-兴趣爱好, EDUCATION-学历要求, AGE_RANGE-年龄范围, LOCATION-地区',
  `config_key` varchar(50) NOT NULL COMMENT '配置键',
  `config_value` varchar(100) NOT NULL COMMENT '配置值',
  `sort_order` int DEFAULT '0' COMMENT '排序顺序',
  `parent_id` bigint DEFAULT NULL COMMENT '父级ID（用于地区等层级数据）',
  `status` int DEFAULT '1' COMMENT '状态：0-禁用，1-启用',
  `create_time` datetime DEFAULT CURRENT_TIMESTAMP,
  `update_time` datetime DEFAULT CURRENT_TIMESTAMP ON UPDATE CURRENT_TIMESTAMP,
  PRIMARY KEY (`config_id`),
  UNIQUE KEY `uk_type_key` (`config_type`,`config_key`),
  KEY `idx_parent_id` (`parent_id`),
  KEY `idx_type` (`config_type`)
) ENGINE=InnoDB AUTO_INCREMENT=38 DEFAULT CHARSET=utf8mb4 COLLATE=utf8mb4_0900_ai_ci COMMENT='基础数据配置表';
/*!40101 SET character_set_client = @saved_cs_client */;

--
-- Dumping data for table `t_base_config`
--

LOCK TABLES `t_base_config` WRITE;
/*!40000 ALTER TABLE `t_base_config` DISABLE KEYS */;
INSERT INTO `t_base_config` VALUES (1,'HOBBY','movie','电影',1,NULL,1,'2025-04-12 22:05:52','2025-04-12 22:05:52'),(2,'HOBBY','travel','旅行',2,NULL,1,'2025-04-12 22:05:52','2025-04-12 22:05:52'),(3,'HOBBY','fitness','健身',3,NULL,1,'2025-04-12 22:05:52','2025-04-12 22:05:52'),(4,'HOBBY','music','音乐',4,NULL,1,'2025-04-12 22:05:52','2025-04-12 22:05:52'),(5,'HOBBY','reading','阅读',5,NULL,1,'2025-04-12 22:05:52','2025-04-12 22:05:52'),(6,'HOBBY','photography','摄影',6,NULL,1,'2025-04-12 22:05:52','2025-04-12 22:05:52'),(7,'HOBBY','design','设计',7,NULL,1,'2025-04-12 22:05:52','2025-04-12 22:05:52'),(8,'HOBBY','game','游戏',8,NULL,1,'2025-04-12 22:05:52','2025-04-12 22:05:52'),(9,'HOBBY','food','美食',9,NULL,1,'2025-04-12 22:05:52','2025-04-12 22:05:52'),(10,'HOBBY','running','跑步',10,NULL,1,'2025-04-12 22:05:52','2025-04-12 22:05:52'),(11,'HOBBY','yoga','瑜伽',11,NULL,1,'2025-04-12 22:05:52','2025-04-12 22:05:52'),(12,'HOBBY','dance','舞蹈',12,NULL,1,'2025-04-12 22:05:52','2025-04-12 22:05:52'),(13,'HOBBY','painting','绘画',13,NULL,1,'2025-04-12 22:05:52','2025-04-12 22:05:52'),(14,'HOBBY','writing','写作',14,NULL,1,'2025-04-12 22:05:52','2025-04-12 22:05:52'),(15,'HOBBY','programming','编程',15,NULL,1,'2025-04-12 22:05:52','2025-04-12 22:05:52'),(16,'HOBBY','cooking','烹饪',16,NULL,1,'2025-04-12 22:05:52','2025-04-12 22:05:52'),(17,'HOBBY','technology','科技',17,NULL,1,'2025-04-12 22:05:52','2025-04-12 22:05:52'),(18,'HOBBY','anime','动漫',18,NULL,1,'2025-04-12 22:05:52','2025-04-12 22:05:52'),(19,'HOBBY','pet','宠物',19,NULL,1,'2025-04-12 22:05:52','2025-04-12 22:05:52'),(20,'HOBBY','coffee','咖啡',20,NULL,1,'2025-04-12 22:05:52','2025-04-12 22:05:52'),(21,'EDUCATION','0','不限',1,NULL,1,'2025-04-12 22:05:52','2025-04-12 22:05:52'),(22,'EDUCATION','1','高中及以上',2,NULL,1,'2025-04-12 22:05:52','2025-04-12 22:05:52'),(23,'EDUCATION','2','大专及以上',3,NULL,1,'2025-04-12 22:05:52','2025-04-12 22:05:52'),(24,'EDUCATION','3','本科及以上',4,NULL,1,'2025-04-12 22:05:52','2025-04-12 22:05:52'),(25,'EDUCATION','4','硕士及以上',5,NULL,1,'2025-04-12 22:05:52','2025-04-12 22:05:52'),(26,'EDUCATION','5','博士及以上',6,NULL,1,'2025-04-12 22:05:52','2025-04-12 22:05:52'),(27,'AGE_RANGE','min_age','18',1,NULL,1,'2025-04-12 22:05:52','2025-04-12 22:05:52'),(28,'AGE_RANGE','max_age','60',2,NULL,1,'2025-04-12 22:05:52','2025-04-12 22:05:52'),(29,'AGE_RANGE','default_min','20',3,NULL,1,'2025-04-12 22:05:52','2025-04-12 22:05:52'),(30,'AGE_RANGE','default_max','40',4,NULL,1,'2025-04-12 22:05:52','2025-04-12 22:05:52'),(31,'LOCATION','110000','北京市',1,NULL,1,'2025-04-12 22:05:52','2025-04-12 22:05:52'),(32,'LOCATION','310000','上海市',2,NULL,1,'2025-04-12 22:05:52','2025-04-12 22:05:52'),(33,'LOCATION','440000','广东省',3,NULL,1,'2025-04-12 22:05:52','2025-04-12 22:05:52'),(34,'LOCATION','110100','北京市',1,1,1,'2025-04-12 22:05:52','2025-04-12 22:05:52'),(35,'LOCATION','310100','上海市',1,2,1,'2025-04-12 22:05:52','2025-04-12 22:05:52'),(36,'LOCATION','440100','广州市',1,3,1,'2025-04-12 22:05:52','2025-04-12 22:05:52'),(37,'LOCATION','440300','深圳市',2,3,1,'2025-04-12 22:05:52','2025-04-12 22:05:52');
/*!40000 ALTER TABLE `t_base_config` ENABLE KEYS */;
UNLOCK TABLES;

--
-- Table structure for table `t_chat_message`
--

DROP TABLE IF EXISTS `t_chat_message`;
/*!40101 SET @saved_cs_client     = @@character_set_client */;
/*!50503 SET character_set_client = utf8mb4 */;
CREATE TABLE `t_chat_message` (
  `message_id` bigint NOT NULL AUTO_INCREMENT,
  `conversation_id` bigint NOT NULL COMMENT '会话ID',
  `sender_id` bigint NOT NULL COMMENT '发送者ID',
  `content` text NOT NULL COMMENT '消息内容',
  `message_type` int DEFAULT '1' COMMENT '消息类型：1-文本，2-图片',
  `is_read` tinyint(1) DEFAULT '0' COMMENT '是否已读：0-未读，1-已读',
  `create_time` datetime DEFAULT CURRENT_TIMESTAMP,
  `receiver_id` bigint DEFAULT NULL COMMENT '接收者ID',
  `room_id` bigint DEFAULT NULL,
  `media_url` varchar(25) DEFAULT NULL,
  PRIMARY KEY (`message_id`),
  KEY `conversation_id` (`conversation_id`),
  KEY `sender_id` (`sender_id`),
  KEY `fk_receiver_id` (`receiver_id`),
  CONSTRAINT `fk_receiver_id` FOREIGN KEY (`receiver_id`) REFERENCES `t_user` (`user_id`),
  CONSTRAINT `t_chat_message_ibfk_1` FOREIGN KEY (`conversation_id`) REFERENCES `t_conversation` (`conversation_id`),
  CONSTRAINT `t_chat_message_ibfk_2` FOREIGN KEY (`sender_id`) REFERENCES `t_user` (`user_id`)
) ENGINE=InnoDB AUTO_INCREMENT=48 DEFAULT CHARSET=utf8mb4 COLLATE=utf8mb4_0900_ai_ci COMMENT='聊天消息表';
/*!40101 SET character_set_client = @saved_cs_client */;

--
-- Dumping data for table `t_chat_message`
--

LOCK TABLES `t_chat_message` WRITE;
/*!40000 ALTER TABLE `t_chat_message` DISABLE KEYS */;
INSERT INTO `t_chat_message` VALUES (1,1,10,'这是一条测试消息',1,0,'2025-04-08 05:07:37',44,NULL,NULL),(2,3,46,'阿萨德',1,0,'2025-04-10 10:48:13',49,NULL,NULL),(3,3,46,'收到',1,0,'2025-04-10 11:05:10',49,NULL,NULL),(4,3,46,'5',1,0,'2025-04-10 11:44:48',49,NULL,NULL),(5,11,55,'666',1,0,'2025-04-11 15:04:00',50,NULL,NULL),(6,11,50,'999',1,0,'2025-04-11 15:05:29',55,NULL,NULL),(7,11,55,'555',1,0,'2025-04-11 15:14:01',50,NULL,NULL),(8,11,55,'你好',1,0,'2025-04-11 15:18:20',50,NULL,NULL),(9,11,50,'你好',1,0,'2025-04-11 15:18:27',55,NULL,NULL),(10,11,50,'666',1,0,'2025-04-11 15:18:59',55,NULL,NULL),(11,11,55,'999555',1,0,'2025-04-11 15:23:41',50,NULL,NULL),(12,11,55,'111',1,0,'2025-04-11 15:26:25',50,NULL,NULL),(13,11,55,'666',1,0,'2025-04-11 15:28:04',50,NULL,NULL),(14,11,55,'666555',1,0,'2025-04-11 15:28:09',50,NULL,NULL),(15,11,55,'45444455454',1,0,'2025-04-11 15:28:32',50,NULL,NULL),(16,11,55,'asdasd',1,0,'2025-04-11 15:29:44',50,NULL,NULL),(17,11,55,'666',1,0,'2025-04-11 15:35:32',50,NULL,NULL),(18,11,55,'123465',1,0,'2025-04-11 15:47:08',50,NULL,NULL),(19,11,50,'6554321',1,0,'2025-04-11 15:47:18',55,NULL,NULL),(20,11,50,'7979798',1,0,'2025-04-11 15:52:24',55,NULL,NULL),(21,11,50,'98989898',1,0,'2025-04-11 17:22:32',55,NULL,NULL),(22,11,55,'9998',1,0,'2025-04-11 17:22:58',50,NULL,NULL),(23,11,50,'asdad fsdfsdf',1,0,'2025-04-11 17:25:10',55,NULL,NULL),(24,11,50,'阿萨德',1,0,'2025-04-11 17:32:57',55,NULL,NULL),(25,11,55,'afhghgf',1,0,'2025-04-11 17:33:26',50,NULL,NULL),(26,11,55,'asd',1,0,'2025-04-11 17:33:31',50,NULL,NULL),(27,11,50,'99998494949',1,0,'2025-04-11 17:34:18',55,NULL,NULL),(28,11,50,'999',1,0,'2025-04-11 17:40:34',55,NULL,NULL),(29,11,50,'+5+65+65+',1,0,'2025-04-11 17:43:42',55,NULL,NULL),(30,12,2,'阿斯顿撒多',1,0,'2025-04-11 23:43:48',49,NULL,NULL),(31,10,46,'6',1,0,'2025-04-12 15:07:15',51,NULL,NULL),(32,4,46,'9',1,1,'2025-04-12 15:13:18',43,NULL,NULL),(33,4,43,'哈哈哈，你好',1,1,'2025-04-12 15:27:34',46,NULL,NULL),(34,4,43,'收到',1,1,'2025-04-12 15:35:52',46,NULL,NULL),(35,4,46,'5',1,1,'2025-04-12 16:35:33',43,NULL,NULL),(36,4,43,'😠6',1,1,'2025-04-12 16:50:57',46,NULL,NULL),(37,4,43,'2222',1,1,'2025-04-12 16:51:38',46,NULL,NULL),(38,4,46,'好呀',1,1,'2025-04-12 16:52:55',43,NULL,NULL),(39,4,46,'66595',1,1,'2025-04-12 17:04:35',43,NULL,NULL),(40,4,43,'🔥',1,1,'2025-04-12 17:18:25',46,NULL,NULL),(41,4,46,'2',1,1,'2025-04-12 17:33:49',43,NULL,NULL),(42,4,46,'4984',1,1,'2025-04-13 11:34:56',43,NULL,NULL),(43,4,43,'8',1,1,'2025-04-13 18:47:28',46,NULL,NULL),(44,4,46,'5',1,1,'2025-04-13 18:51:44',43,NULL,NULL),(45,13,46,'你好呀',1,1,'2025-04-13 23:33:59',42,NULL,NULL),(46,13,42,'号楼',1,1,'2025-04-13 23:34:07',46,NULL,NULL),(47,13,42,'爸爸成功',1,1,'2025-04-14 23:22:59',46,NULL,NULL);
/*!40000 ALTER TABLE `t_chat_message` ENABLE KEYS */;
UNLOCK TABLES;

--
-- Table structure for table `t_city`
--

DROP TABLE IF EXISTS `t_city`;
/*!40101 SET @saved_cs_client     = @@character_set_client */;
/*!50503 SET character_set_client = utf8mb4 */;
CREATE TABLE `t_city` (
  `city_id` int NOT NULL AUTO_INCREMENT,
  `province_name` varchar(50) NOT NULL COMMENT '省份名称',
  `city_name` varchar(50) NOT NULL COMMENT '城市名称',
  `city_code` varchar(20) NOT NULL COMMENT '城市编码',
  `province_code` varchar(20) NOT NULL COMMENT '省份编码',
  `status` int DEFAULT '1' COMMENT '状态：0-禁用，1-正常',
  `create_time` datetime DEFAULT CURRENT_TIMESTAMP,
  `update_time` datetime DEFAULT CURRENT_TIMESTAMP ON UPDATE CURRENT_TIMESTAMP,
  PRIMARY KEY (`city_id`),
  UNIQUE KEY `uk_city_code` (`city_code`)
) ENGINE=InnoDB AUTO_INCREMENT=345 DEFAULT CHARSET=utf8mb4 COLLATE=utf8mb4_0900_ai_ci COMMENT='城市信息表';
/*!40101 SET character_set_client = @saved_cs_client */;

--
-- Dumping data for table `t_city`
--

LOCK TABLES `t_city` WRITE;
/*!40000 ALTER TABLE `t_city` DISABLE KEYS */;
INSERT INTO `t_city` VALUES (1,'北京市','北京市','110100','110000',1,'2025-04-08 16:28:51','2025-04-08 16:28:51'),(2,'天津市','天津市','120100','120000',1,'2025-04-08 16:28:51','2025-04-08 16:28:51'),(3,'河北省','石家庄市','130100','130000',1,'2025-04-08 16:28:51','2025-04-08 16:28:51'),(4,'河北省','唐山市','130200','130000',1,'2025-04-08 16:28:51','2025-04-08 16:28:51'),(5,'河北省','秦皇岛市','130300','130000',1,'2025-04-08 16:28:51','2025-04-08 16:28:51'),(6,'河北省','邯郸市','130400','130000',1,'2025-04-08 16:28:51','2025-04-08 16:28:51'),(7,'河北省','邢台市','130500','130000',1,'2025-04-08 16:28:51','2025-04-08 16:28:51'),(8,'河北省','保定市','130600','130000',1,'2025-04-08 16:28:51','2025-04-08 16:28:51'),(9,'河北省','张家口市','130700','130000',1,'2025-04-08 16:28:51','2025-04-08 16:28:51'),(10,'河北省','承德市','130800','130000',1,'2025-04-08 16:28:51','2025-04-08 16:28:51'),(11,'河北省','沧州市','130900','130000',1,'2025-04-08 16:28:51','2025-04-08 16:28:51'),(12,'河北省','廊坊市','131000','130000',1,'2025-04-08 16:28:51','2025-04-08 16:28:51'),(13,'河北省','衡水市','131100','130000',1,'2025-04-08 16:28:51','2025-04-08 16:28:51'),(14,'山西省','太原市','140100','140000',1,'2025-04-08 16:28:51','2025-04-08 16:28:51'),(15,'山西省','大同市','140200','140000',1,'2025-04-08 16:28:51','2025-04-08 16:28:51'),(16,'山西省','阳泉市','140300','140000',1,'2025-04-08 16:28:51','2025-04-08 16:28:51'),(17,'山西省','长治市','140400','140000',1,'2025-04-08 16:28:51','2025-04-08 16:28:51'),(18,'山西省','晋城市','140500','140000',1,'2025-04-08 16:28:51','2025-04-08 16:28:51'),(19,'山西省','朔州市','140600','140000',1,'2025-04-08 16:28:51','2025-04-08 16:28:51'),(20,'山西省','晋中市','140700','140000',1,'2025-04-08 16:28:51','2025-04-08 16:28:51'),(21,'山西省','运城市','140800','140000',1,'2025-04-08 16:28:51','2025-04-08 16:28:51'),(22,'山西省','忻州市','140900','140000',1,'2025-04-08 16:28:51','2025-04-08 16:28:51'),(23,'山西省','临汾市','141000','140000',1,'2025-04-08 16:28:51','2025-04-08 16:28:51'),(24,'山西省','吕梁市','141100','140000',1,'2025-04-08 16:28:51','2025-04-08 16:28:51'),(25,'内蒙古自治区','呼和浩特市','150100','150000',1,'2025-04-08 16:28:51','2025-04-08 16:28:51'),(26,'内蒙古自治区','包头市','150200','150000',1,'2025-04-08 16:28:51','2025-04-08 16:28:51'),(27,'内蒙古自治区','乌海市','150300','150000',1,'2025-04-08 16:28:51','2025-04-08 16:28:51'),(28,'内蒙古自治区','赤峰市','150400','150000',1,'2025-04-08 16:28:51','2025-04-08 16:28:51'),(29,'内蒙古自治区','通辽市','150500','150000',1,'2025-04-08 16:28:51','2025-04-08 16:28:51'),(30,'内蒙古自治区','鄂尔多斯市','150600','150000',1,'2025-04-08 16:28:51','2025-04-08 16:28:51'),(31,'内蒙古自治区','呼伦贝尔市','150700','150000',1,'2025-04-08 16:28:51','2025-04-08 16:28:51'),(32,'内蒙古自治区','巴彦淖尔市','150800','150000',1,'2025-04-08 16:28:51','2025-04-08 16:28:51'),(33,'内蒙古自治区','乌兰察布市','150900','150000',1,'2025-04-08 16:28:51','2025-04-08 16:28:51'),(34,'内蒙古自治区','兴安盟','152200','150000',1,'2025-04-08 16:28:51','2025-04-08 16:28:51'),(35,'内蒙古自治区','锡林郭勒盟','152500','150000',1,'2025-04-08 16:28:51','2025-04-08 16:28:51'),(36,'内蒙古自治区','阿拉善盟','152900','150000',1,'2025-04-08 16:28:51','2025-04-08 16:28:51'),(37,'辽宁省','沈阳市','210100','210000',1,'2025-04-08 16:28:51','2025-04-08 16:28:51'),(38,'辽宁省','大连市','210200','210000',1,'2025-04-08 16:28:51','2025-04-08 16:28:51'),(39,'辽宁省','鞍山市','210300','210000',1,'2025-04-08 16:28:51','2025-04-08 16:28:51'),(40,'辽宁省','抚顺市','210400','210000',1,'2025-04-08 16:28:51','2025-04-08 16:28:51'),(41,'辽宁省','本溪市','210500','210000',1,'2025-04-08 16:28:51','2025-04-08 16:28:51'),(42,'辽宁省','丹东市','210600','210000',1,'2025-04-08 16:28:51','2025-04-08 16:28:51'),(43,'辽宁省','锦州市','210700','210000',1,'2025-04-08 16:28:51','2025-04-08 16:28:51'),(44,'辽宁省','营口市','210800','210000',1,'2025-04-08 16:28:51','2025-04-08 16:28:51'),(45,'辽宁省','阜新市','210900','210000',1,'2025-04-08 16:28:51','2025-04-08 16:28:51'),(46,'辽宁省','辽阳市','211000','210000',1,'2025-04-08 16:28:51','2025-04-08 16:28:51'),(47,'辽宁省','盘锦市','211100','210000',1,'2025-04-08 16:28:51','2025-04-08 16:28:51'),(48,'辽宁省','铁岭市','211200','210000',1,'2025-04-08 16:28:51','2025-04-08 16:28:51'),(49,'辽宁省','朝阳市','211300','210000',1,'2025-04-08 16:28:51','2025-04-08 16:28:51'),(50,'辽宁省','葫芦岛市','211400','210000',1,'2025-04-08 16:28:51','2025-04-08 16:28:51'),(51,'吉林省','长春市','220100','220000',1,'2025-04-08 16:28:51','2025-04-08 16:28:51'),(52,'吉林省','吉林市','220200','220000',1,'2025-04-08 16:28:51','2025-04-08 16:28:51'),(53,'吉林省','四平市','220300','220000',1,'2025-04-08 16:28:51','2025-04-08 16:28:51'),(54,'吉林省','辽源市','220400','220000',1,'2025-04-08 16:28:51','2025-04-08 16:28:51'),(55,'吉林省','通化市','220500','220000',1,'2025-04-08 16:28:51','2025-04-08 16:28:51'),(56,'吉林省','白山市','220600','220000',1,'2025-04-08 16:28:51','2025-04-08 16:28:51'),(57,'吉林省','松原市','220700','220000',1,'2025-04-08 16:28:51','2025-04-08 16:28:51'),(58,'吉林省','白城市','220800','220000',1,'2025-04-08 16:28:51','2025-04-08 16:28:51'),(59,'吉林省','延边朝鲜族自治州','222400','220000',1,'2025-04-08 16:28:51','2025-04-08 16:28:51'),(60,'黑龙江省','哈尔滨市','230100','230000',1,'2025-04-08 16:28:51','2025-04-08 16:28:51'),(61,'黑龙江省','齐齐哈尔市','230200','230000',1,'2025-04-08 16:28:51','2025-04-08 16:28:51'),(62,'黑龙江省','鸡西市','230300','230000',1,'2025-04-08 16:28:51','2025-04-08 16:28:51'),(63,'黑龙江省','鹤岗市','230400','230000',1,'2025-04-08 16:28:51','2025-04-08 16:28:51'),(64,'黑龙江省','双鸭山市','230500','230000',1,'2025-04-08 16:28:51','2025-04-08 16:28:51'),(65,'黑龙江省','大庆市','230600','230000',1,'2025-04-08 16:28:51','2025-04-08 16:28:51'),(66,'黑龙江省','伊春市','230700','230000',1,'2025-04-08 16:28:51','2025-04-08 16:28:51'),(67,'黑龙江省','佳木斯市','230800','230000',1,'2025-04-08 16:28:51','2025-04-08 16:28:51'),(68,'黑龙江省','七台河市','230900','230000',1,'2025-04-08 16:28:51','2025-04-08 16:28:51'),(69,'黑龙江省','牡丹江市','231000','230000',1,'2025-04-08 16:28:51','2025-04-08 16:28:51'),(70,'黑龙江省','黑河市','231100','230000',1,'2025-04-08 16:28:51','2025-04-08 16:28:51'),(71,'黑龙江省','绥化市','231200','230000',1,'2025-04-08 16:28:51','2025-04-08 16:28:51'),(72,'黑龙江省','大兴安岭地区','232700','230000',1,'2025-04-08 16:28:51','2025-04-08 16:28:51'),(73,'上海市','上海市','310100','310000',1,'2025-04-08 16:28:51','2025-04-08 16:28:51'),(74,'江苏省','南京市','320100','320000',1,'2025-04-08 16:28:51','2025-04-08 16:28:51'),(75,'江苏省','无锡市','320200','320000',1,'2025-04-08 16:28:51','2025-04-08 16:28:51'),(76,'江苏省','徐州市','320300','320000',1,'2025-04-08 16:28:51','2025-04-08 16:28:51'),(77,'江苏省','常州市','320400','320000',1,'2025-04-08 16:28:51','2025-04-08 16:28:51'),(78,'江苏省','苏州市','320500','320000',1,'2025-04-08 16:28:51','2025-04-08 16:28:51'),(79,'江苏省','南通市','320600','320000',1,'2025-04-08 16:28:51','2025-04-08 16:28:51'),(80,'江苏省','连云港市','320700','320000',1,'2025-04-08 16:28:51','2025-04-08 16:28:51'),(81,'江苏省','淮安市','320800','320000',1,'2025-04-08 16:28:51','2025-04-08 16:28:51'),(82,'江苏省','盐城市','320900','320000',1,'2025-04-08 16:28:51','2025-04-08 16:28:51'),(83,'江苏省','扬州市','321000','320000',1,'2025-04-08 16:28:51','2025-04-08 16:28:51'),(84,'江苏省','镇江市','321100','320000',1,'2025-04-08 16:28:51','2025-04-08 16:28:51'),(85,'江苏省','泰州市','321200','320000',1,'2025-04-08 16:28:51','2025-04-08 16:28:51'),(86,'江苏省','宿迁市','321300','320000',1,'2025-04-08 16:28:51','2025-04-08 16:28:51'),(87,'浙江省','杭州市','330100','330000',1,'2025-04-08 16:28:51','2025-04-08 16:28:51'),(88,'浙江省','宁波市','330200','330000',1,'2025-04-08 16:28:51','2025-04-08 16:28:51'),(89,'浙江省','温州市','330300','330000',1,'2025-04-08 16:28:51','2025-04-08 16:28:51'),(90,'浙江省','嘉兴市','330400','330000',1,'2025-04-08 16:28:51','2025-04-08 16:28:51'),(91,'浙江省','湖州市','330500','330000',1,'2025-04-08 16:28:51','2025-04-08 16:28:51'),(92,'浙江省','绍兴市','330600','330000',1,'2025-04-08 16:28:51','2025-04-08 16:28:51'),(93,'浙江省','金华市','330700','330000',1,'2025-04-08 16:28:51','2025-04-08 16:28:51'),(94,'浙江省','衢州市','330800','330000',1,'2025-04-08 16:28:51','2025-04-08 16:28:51'),(95,'浙江省','舟山市','330900','330000',1,'2025-04-08 16:28:51','2025-04-08 16:28:51'),(96,'浙江省','台州市','331000','330000',1,'2025-04-08 16:28:51','2025-04-08 16:28:51'),(97,'浙江省','丽水市','331100','330000',1,'2025-04-08 16:28:51','2025-04-08 16:28:51'),(98,'安徽省','合肥市','340100','340000',1,'2025-04-08 16:28:51','2025-04-08 16:28:51'),(99,'安徽省','芜湖市','340200','340000',1,'2025-04-08 16:28:51','2025-04-08 16:28:51'),(100,'安徽省','蚌埠市','340300','340000',1,'2025-04-08 16:28:51','2025-04-08 16:28:51'),(101,'安徽省','淮南市','340400','340000',1,'2025-04-08 16:28:51','2025-04-08 16:28:51'),(102,'安徽省','马鞍山市','340500','340000',1,'2025-04-08 16:28:51','2025-04-08 16:28:51'),(103,'安徽省','淮北市','340600','340000',1,'2025-04-08 16:28:51','2025-04-08 16:28:51'),(104,'安徽省','铜陵市','340700','340000',1,'2025-04-08 16:28:51','2025-04-08 16:28:51'),(105,'安徽省','安庆市','340800','340000',1,'2025-04-08 16:28:51','2025-04-08 16:28:51'),(106,'安徽省','黄山市','341000','340000',1,'2025-04-08 16:28:51','2025-04-08 16:28:51'),(107,'安徽省','滁州市','341100','340000',1,'2025-04-08 16:28:51','2025-04-08 16:28:51'),(108,'安徽省','阜阳市','341200','340000',1,'2025-04-08 16:28:51','2025-04-08 16:28:51'),(109,'安徽省','宿州市','341300','340000',1,'2025-04-08 16:28:51','2025-04-08 16:28:51'),(110,'安徽省','六安市','341500','340000',1,'2025-04-08 16:28:51','2025-04-08 16:28:51'),(111,'安徽省','亳州市','341600','340000',1,'2025-04-08 16:28:51','2025-04-08 16:28:51'),(112,'安徽省','池州市','341700','340000',1,'2025-04-08 16:28:51','2025-04-08 16:28:51'),(113,'安徽省','宣城市','341800','340000',1,'2025-04-08 16:28:51','2025-04-08 16:28:51'),(114,'福建省','福州市','350100','350000',1,'2025-04-08 16:28:51','2025-04-08 16:28:51'),(115,'福建省','厦门市','350200','350000',1,'2025-04-08 16:28:51','2025-04-08 16:28:51'),(116,'福建省','莆田市','350300','350000',1,'2025-04-08 16:28:51','2025-04-08 16:28:51'),(117,'福建省','三明市','350400','350000',1,'2025-04-08 16:28:51','2025-04-08 16:28:51'),(118,'福建省','泉州市','350500','350000',1,'2025-04-08 16:28:51','2025-04-08 16:28:51'),(119,'福建省','漳州市','350600','350000',1,'2025-04-08 16:28:51','2025-04-08 16:28:51'),(120,'福建省','南平市','350700','350000',1,'2025-04-08 16:28:51','2025-04-08 16:28:51'),(121,'福建省','龙岩市','350800','350000',1,'2025-04-08 16:28:51','2025-04-08 16:28:51'),(122,'福建省','宁德市','350900','350000',1,'2025-04-08 16:28:51','2025-04-08 16:28:51'),(123,'江西省','南昌市','360100','360000',1,'2025-04-08 16:28:51','2025-04-08 16:28:51'),(124,'江西省','景德镇市','360200','360000',1,'2025-04-08 16:28:51','2025-04-08 16:28:51'),(125,'江西省','萍乡市','360300','360000',1,'2025-04-08 16:28:51','2025-04-08 16:28:51'),(126,'江西省','九江市','360400','360000',1,'2025-04-08 16:28:51','2025-04-08 16:28:51'),(127,'江西省','新余市','360500','360000',1,'2025-04-08 16:28:51','2025-04-08 16:28:51'),(128,'江西省','鹰潭市','360600','360000',1,'2025-04-08 16:28:51','2025-04-08 16:28:51'),(129,'江西省','赣州市','360700','360000',1,'2025-04-08 16:28:51','2025-04-08 16:28:51'),(130,'江西省','吉安市','360800','360000',1,'2025-04-08 16:28:51','2025-04-08 16:28:51'),(131,'江西省','宜春市','360900','360000',1,'2025-04-08 16:28:51','2025-04-08 16:28:51'),(132,'江西省','抚州市','361000','360000',1,'2025-04-08 16:28:51','2025-04-08 16:28:51'),(133,'江西省','上饶市','361100','360000',1,'2025-04-08 16:28:51','2025-04-08 16:28:51'),(134,'山东省','济南市','370100','370000',1,'2025-04-08 16:28:51','2025-04-08 16:28:51'),(135,'山东省','青岛市','370200','370000',1,'2025-04-08 16:28:51','2025-04-08 16:28:51'),(136,'山东省','淄博市','370300','370000',1,'2025-04-08 16:28:51','2025-04-08 16:28:51'),(137,'山东省','枣庄市','370400','370000',1,'2025-04-08 16:28:51','2025-04-08 16:28:51'),(138,'山东省','东营市','370500','370000',1,'2025-04-08 16:28:51','2025-04-08 16:28:51'),(139,'山东省','烟台市','370600','370000',1,'2025-04-08 16:28:51','2025-04-08 16:28:51'),(140,'山东省','潍坊市','370700','370000',1,'2025-04-08 16:28:51','2025-04-08 16:28:51'),(141,'山东省','济宁市','370800','370000',1,'2025-04-08 16:28:51','2025-04-08 16:28:51'),(142,'山东省','泰安市','370900','370000',1,'2025-04-08 16:28:51','2025-04-08 16:28:51'),(143,'山东省','威海市','371000','370000',1,'2025-04-08 16:28:51','2025-04-08 16:28:51'),(144,'山东省','日照市','371100','370000',1,'2025-04-08 16:28:51','2025-04-08 16:28:51'),(145,'山东省','临沂市','371300','370000',1,'2025-04-08 16:28:51','2025-04-08 16:28:51'),(146,'山东省','德州市','371400','370000',1,'2025-04-08 16:28:51','2025-04-08 16:28:51'),(147,'山东省','聊城市','371500','370000',1,'2025-04-08 16:28:51','2025-04-08 16:28:51'),(148,'山东省','滨州市','371600','370000',1,'2025-04-08 16:28:51','2025-04-08 16:28:51'),(149,'山东省','菏泽市','371700','370000',1,'2025-04-08 16:28:51','2025-04-08 16:28:51'),(150,'河南省','郑州市','410100','410000',1,'2025-04-08 16:28:51','2025-04-08 16:28:51'),(151,'河南省','开封市','410200','410000',1,'2025-04-08 16:28:51','2025-04-08 16:28:51'),(152,'河南省','洛阳市','410300','410000',1,'2025-04-08 16:28:51','2025-04-08 16:28:51'),(153,'河南省','平顶山市','410400','410000',1,'2025-04-08 16:28:51','2025-04-08 16:28:51'),(154,'河南省','安阳市','410500','410000',1,'2025-04-08 16:28:51','2025-04-08 16:28:51'),(155,'河南省','鹤壁市','410600','410000',1,'2025-04-08 16:28:51','2025-04-08 16:28:51'),(156,'河南省','新乡市','410700','410000',1,'2025-04-08 16:28:51','2025-04-08 16:28:51'),(157,'河南省','焦作市','410800','410000',1,'2025-04-08 16:28:51','2025-04-08 16:28:51'),(158,'河南省','濮阳市','410900','410000',1,'2025-04-08 16:28:51','2025-04-08 16:28:51'),(159,'河南省','许昌市','411000','410000',1,'2025-04-08 16:28:51','2025-04-08 16:28:51'),(160,'河南省','漯河市','411100','410000',1,'2025-04-08 16:28:51','2025-04-08 16:28:51'),(161,'河南省','三门峡市','411200','410000',1,'2025-04-08 16:28:51','2025-04-08 16:28:51'),(162,'河南省','南阳市','411300','410000',1,'2025-04-08 16:28:51','2025-04-08 16:28:51'),(163,'河南省','商丘市','411400','410000',1,'2025-04-08 16:28:51','2025-04-08 16:28:51'),(164,'河南省','信阳市','411500','410000',1,'2025-04-08 16:28:51','2025-04-08 16:28:51'),(165,'河南省','周口市','411600','410000',1,'2025-04-08 16:28:51','2025-04-08 16:28:51'),(166,'河南省','驻马店市','411700','410000',1,'2025-04-08 16:28:51','2025-04-08 16:28:51'),(167,'湖北省','武汉市','420100','420000',1,'2025-04-08 16:28:51','2025-04-08 16:28:51'),(168,'湖北省','黄石市','420200','420000',1,'2025-04-08 16:28:51','2025-04-08 16:28:51'),(169,'湖北省','十堰市','420300','420000',1,'2025-04-08 16:28:51','2025-04-08 16:28:51'),(170,'湖北省','宜昌市','420500','420000',1,'2025-04-08 16:28:51','2025-04-08 16:28:51'),(171,'湖北省','襄阳市','420600','420000',1,'2025-04-08 16:28:51','2025-04-08 16:28:51'),(172,'湖北省','鄂州市','420700','420000',1,'2025-04-08 16:28:51','2025-04-08 16:28:51'),(173,'湖北省','荆门市','420800','420000',1,'2025-04-08 16:28:51','2025-04-08 16:28:51'),(174,'湖北省','孝感市','420900','420000',1,'2025-04-08 16:28:51','2025-04-08 16:28:51'),(175,'湖北省','荆州市','421000','420000',1,'2025-04-08 16:28:51','2025-04-08 16:28:51'),(176,'湖北省','黄冈市','421100','420000',1,'2025-04-08 16:28:51','2025-04-08 16:28:51'),(177,'湖北省','咸宁市','421200','420000',1,'2025-04-08 16:28:51','2025-04-08 16:28:51'),(178,'湖北省','随州市','421300','420000',1,'2025-04-08 16:28:51','2025-04-08 16:28:51'),(179,'湖北省','恩施土家族苗族自治州','422800','420000',1,'2025-04-08 16:28:51','2025-04-08 16:28:51'),(180,'湖南省','长沙市','430100','430000',1,'2025-04-08 16:28:51','2025-04-08 16:28:51'),(181,'湖南省','株洲市','430200','430000',1,'2025-04-08 16:28:51','2025-04-08 16:28:51'),(182,'湖南省','湘潭市','430300','430000',1,'2025-04-08 16:28:51','2025-04-08 16:28:51'),(183,'湖南省','衡阳市','430400','430000',1,'2025-04-08 16:28:51','2025-04-08 16:28:51'),(184,'湖南省','邵阳市','430500','430000',1,'2025-04-08 16:28:51','2025-04-08 16:28:51'),(185,'湖南省','岳阳市','430600','430000',1,'2025-04-08 16:28:51','2025-04-08 16:28:51'),(186,'湖南省','常德市','430700','430000',1,'2025-04-08 16:28:51','2025-04-08 16:28:51'),(187,'湖南省','张家界市','430800','430000',1,'2025-04-08 16:28:51','2025-04-08 16:28:51'),(188,'湖南省','益阳市','430900','430000',1,'2025-04-08 16:28:51','2025-04-08 16:28:51'),(189,'湖南省','郴州市','431000','430000',1,'2025-04-08 16:28:51','2025-04-08 16:28:51'),(190,'湖南省','永州市','431100','430000',1,'2025-04-08 16:28:51','2025-04-08 16:28:51'),(191,'湖南省','怀化市','431200','430000',1,'2025-04-08 16:28:51','2025-04-08 16:28:51'),(192,'湖南省','娄底市','431300','430000',1,'2025-04-08 16:28:51','2025-04-08 16:28:51'),(193,'湖南省','湘西土家族苗族自治州','433100','430000',1,'2025-04-08 16:28:51','2025-04-08 16:28:51'),(194,'广东省','广州市','440100','440000',1,'2025-04-08 16:28:51','2025-04-08 16:28:51'),(195,'广东省','韶关市','440200','440000',1,'2025-04-08 16:28:51','2025-04-08 16:28:51'),(196,'广东省','深圳市','440300','440000',1,'2025-04-08 16:28:51','2025-04-08 16:28:51'),(197,'广东省','珠海市','440400','440000',1,'2025-04-08 16:28:51','2025-04-08 16:28:51'),(198,'广东省','汕头市','440500','440000',1,'2025-04-08 16:28:51','2025-04-08 16:28:51'),(199,'广东省','佛山市','440600','440000',1,'2025-04-08 16:28:51','2025-04-08 16:28:51'),(200,'广东省','江门市','440700','440000',1,'2025-04-08 16:28:51','2025-04-08 16:28:51'),(201,'广东省','湛江市','440800','440000',1,'2025-04-08 16:28:51','2025-04-08 16:28:51'),(202,'广东省','茂名市','440900','440000',1,'2025-04-08 16:28:51','2025-04-08 16:28:51'),(203,'广东省','肇庆市','441200','440000',1,'2025-04-08 16:28:51','2025-04-08 16:28:51'),(204,'广东省','惠州市','441300','440000',1,'2025-04-08 16:28:51','2025-04-08 16:28:51'),(205,'广东省','梅州市','441400','440000',1,'2025-04-08 16:28:51','2025-04-08 16:28:51'),(206,'广东省','汕尾市','441500','440000',1,'2025-04-08 16:28:51','2025-04-08 16:28:51'),(207,'广东省','河源市','441600','440000',1,'2025-04-08 16:28:51','2025-04-08 16:28:51'),(208,'广东省','阳江市','441700','440000',1,'2025-04-08 16:28:51','2025-04-08 16:28:51'),(209,'广东省','清远市','441800','440000',1,'2025-04-08 16:28:51','2025-04-08 16:28:51'),(210,'广东省','东莞市','441900','440000',1,'2025-04-08 16:28:51','2025-04-08 16:28:51'),(211,'广东省','中山市','442000','440000',1,'2025-04-08 16:28:51','2025-04-08 16:28:51'),(212,'广东省','潮州市','445100','440000',1,'2025-04-08 16:28:51','2025-04-08 16:28:51'),(213,'广东省','揭阳市','445200','440000',1,'2025-04-08 16:28:51','2025-04-08 16:28:51'),(214,'广东省','云浮市','445300','440000',1,'2025-04-08 16:28:51','2025-04-08 16:28:51'),(215,'广西壮族自治区','南宁市','450100','450000',1,'2025-04-08 16:28:51','2025-04-08 16:28:51'),(216,'广西壮族自治区','柳州市','450200','450000',1,'2025-04-08 16:28:51','2025-04-08 16:28:51'),(217,'广西壮族自治区','桂林市','450300','450000',1,'2025-04-08 16:28:51','2025-04-08 16:28:51'),(218,'广西壮族自治区','梧州市','450400','450000',1,'2025-04-08 16:28:51','2025-04-08 16:28:51'),(219,'广西壮族自治区','北海市','450500','450000',1,'2025-04-08 16:28:51','2025-04-08 16:28:51'),(220,'广西壮族自治区','防城港市','450600','450000',1,'2025-04-08 16:28:51','2025-04-08 16:28:51'),(221,'广西壮族自治区','钦州市','450700','450000',1,'2025-04-08 16:28:51','2025-04-08 16:28:51'),(222,'广西壮族自治区','贵港市','450800','450000',1,'2025-04-08 16:28:51','2025-04-08 16:28:51'),(223,'广西壮族自治区','玉林市','450900','450000',1,'2025-04-08 16:28:51','2025-04-08 16:28:51'),(224,'广西壮族自治区','百色市','451000','450000',1,'2025-04-08 16:28:51','2025-04-08 16:28:51'),(225,'广西壮族自治区','贺州市','451100','450000',1,'2025-04-08 16:28:51','2025-04-08 16:28:51'),(226,'广西壮族自治区','河池市','451200','450000',1,'2025-04-08 16:28:51','2025-04-08 16:28:51'),(227,'广西壮族自治区','来宾市','451300','450000',1,'2025-04-08 16:28:51','2025-04-08 16:28:51'),(228,'广西壮族自治区','崇左市','451400','450000',1,'2025-04-08 16:28:51','2025-04-08 16:28:51'),(229,'海南省','海口市','460100','460000',1,'2025-04-08 16:28:51','2025-04-08 16:28:51'),(230,'海南省','三亚市','460200','460000',1,'2025-04-08 16:28:51','2025-04-08 16:28:51'),(231,'海南省','三沙市','460300','460000',1,'2025-04-08 16:28:51','2025-04-08 16:28:51'),(232,'海南省','儋州市','460400','460000',1,'2025-04-08 16:28:51','2025-04-08 16:28:51'),(233,'重庆市','重庆市','500100','500000',1,'2025-04-08 16:28:51','2025-04-08 16:28:51'),(234,'四川省','成都市','510100','510000',1,'2025-04-08 16:28:51','2025-04-08 16:28:51'),(235,'四川省','自贡市','510300','510000',1,'2025-04-08 16:28:51','2025-04-08 16:28:51'),(236,'四川省','攀枝花市','510400','510000',1,'2025-04-08 16:28:51','2025-04-08 16:28:51'),(237,'四川省','泸州市','510500','510000',1,'2025-04-08 16:28:51','2025-04-08 16:28:51'),(238,'四川省','德阳市','510600','510000',1,'2025-04-08 16:28:51','2025-04-08 16:28:51'),(239,'四川省','绵阳市','510700','510000',1,'2025-04-08 16:28:51','2025-04-08 16:28:51'),(240,'四川省','广元市','510800','510000',1,'2025-04-08 16:28:51','2025-04-08 16:28:51'),(241,'四川省','遂宁市','510900','510000',1,'2025-04-08 16:28:51','2025-04-08 16:28:51'),(242,'四川省','内江市','511000','510000',1,'2025-04-08 16:28:51','2025-04-08 16:28:51'),(243,'四川省','乐山市','511100','510000',1,'2025-04-08 16:28:51','2025-04-08 16:28:51'),(244,'四川省','南充市','511300','510000',1,'2025-04-08 16:28:51','2025-04-08 16:28:51'),(245,'四川省','眉山市','511400','510000',1,'2025-04-08 16:28:51','2025-04-08 16:28:51'),(246,'四川省','宜宾市','511500','510000',1,'2025-04-08 16:28:51','2025-04-08 16:28:51'),(247,'四川省','广安市','511600','510000',1,'2025-04-08 16:28:51','2025-04-08 16:28:51'),(248,'四川省','达州市','511700','510000',1,'2025-04-08 16:28:51','2025-04-08 16:28:51'),(249,'四川省','雅安市','511800','510000',1,'2025-04-08 16:28:51','2025-04-08 16:28:51'),(250,'四川省','巴中市','511900','510000',1,'2025-04-08 16:28:51','2025-04-08 16:28:51'),(251,'四川省','资阳市','512000','510000',1,'2025-04-08 16:28:51','2025-04-08 16:28:51'),(252,'四川省','阿坝藏族羌族自治州','513200','510000',1,'2025-04-08 16:28:51','2025-04-08 16:28:51'),(253,'四川省','甘孜藏族自治州','513300','510000',1,'2025-04-08 16:28:51','2025-04-08 16:28:51'),(254,'四川省','凉山彝族自治州','513400','510000',1,'2025-04-08 16:28:51','2025-04-08 16:28:51'),(255,'贵州省','贵阳市','520100','520000',1,'2025-04-08 16:28:51','2025-04-08 16:28:51'),(256,'贵州省','六盘水市','520200','520000',1,'2025-04-08 16:28:51','2025-04-08 16:28:51'),(257,'贵州省','遵义市','520300','520000',1,'2025-04-08 16:28:51','2025-04-08 16:28:51'),(258,'贵州省','安顺市','520400','520000',1,'2025-04-08 16:28:51','2025-04-08 16:28:51'),(259,'贵州省','毕节市','520500','520000',1,'2025-04-08 16:28:51','2025-04-08 16:28:51'),(260,'贵州省','铜仁市','520600','520000',1,'2025-04-08 16:28:51','2025-04-08 16:28:51'),(261,'贵州省','黔西南布依族苗族自治州','522300','520000',1,'2025-04-08 16:28:51','2025-04-08 16:28:51'),(262,'贵州省','黔东南苗族侗族自治州','522600','520000',1,'2025-04-08 16:28:51','2025-04-08 16:28:51'),(263,'贵州省','黔南布依族苗族自治州','522700','520000',1,'2025-04-08 16:28:51','2025-04-08 16:28:51'),(264,'云南省','昆明市','530100','530000',1,'2025-04-08 16:28:51','2025-04-08 16:28:51'),(265,'云南省','曲靖市','530300','530000',1,'2025-04-08 16:28:51','2025-04-08 16:28:51'),(266,'云南省','玉溪市','530400','530000',1,'2025-04-08 16:28:51','2025-04-08 16:28:51'),(267,'云南省','保山市','530500','530000',1,'2025-04-08 16:28:51','2025-04-08 16:28:51'),(268,'云南省','昭通市','530600','530000',1,'2025-04-08 16:28:51','2025-04-08 16:28:51'),(269,'云南省','丽江市','530700','530000',1,'2025-04-08 16:28:51','2025-04-08 16:28:51'),(270,'云南省','普洱市','530800','530000',1,'2025-04-08 16:28:51','2025-04-08 16:28:51'),(271,'云南省','临沧市','530900','530000',1,'2025-04-08 16:28:51','2025-04-08 16:28:51'),(272,'云南省','楚雄彝族自治州','532300','530000',1,'2025-04-08 16:28:51','2025-04-08 16:28:51'),(273,'云南省','红河哈尼族彝族自治州','532500','530000',1,'2025-04-08 16:28:51','2025-04-08 16:28:51'),(274,'云南省','文山壮族苗族自治州','532600','530000',1,'2025-04-08 16:28:51','2025-04-08 16:28:51'),(275,'云南省','西双版纳傣族自治州','532800','530000',1,'2025-04-08 16:28:51','2025-04-08 16:28:51'),(276,'云南省','大理白族自治州','532900','530000',1,'2025-04-08 16:28:51','2025-04-08 16:28:51'),(277,'云南省','德宏傣族景颇族自治州','533100','530000',1,'2025-04-08 16:28:51','2025-04-08 16:28:51'),(278,'云南省','怒江傈僳族自治州','533300','530000',1,'2025-04-08 16:28:51','2025-04-08 16:28:51'),(279,'云南省','迪庆藏族自治州','533400','530000',1,'2025-04-08 16:28:51','2025-04-08 16:28:51'),(280,'西藏自治区','拉萨市','540100','540000',1,'2025-04-08 16:28:51','2025-04-08 16:28:51'),(281,'西藏自治区','日喀则市','540200','540000',1,'2025-04-08 16:28:51','2025-04-08 16:28:51'),(282,'西藏自治区','昌都市','540300','540000',1,'2025-04-08 16:28:51','2025-04-08 16:28:51'),(283,'西藏自治区','林芝市','540400','540000',1,'2025-04-08 16:28:51','2025-04-08 16:28:51'),(284,'西藏自治区','山南市','540500','540000',1,'2025-04-08 16:28:51','2025-04-08 16:28:51'),(285,'西藏自治区','那曲市','540600','540000',1,'2025-04-08 16:28:51','2025-04-08 16:28:51'),(286,'西藏自治区','阿里地区','542500','540000',1,'2025-04-08 16:28:51','2025-04-08 16:28:51'),(287,'陕西省','西安市','610100','610000',1,'2025-04-08 16:28:51','2025-04-08 16:28:51'),(288,'陕西省','铜川市','610200','610000',1,'2025-04-08 16:28:51','2025-04-08 16:28:51'),(289,'陕西省','宝鸡市','610300','610000',1,'2025-04-08 16:28:51','2025-04-08 16:28:51'),(290,'陕西省','咸阳市','610400','610000',1,'2025-04-08 16:28:51','2025-04-08 16:28:51'),(291,'陕西省','渭南市','610500','610000',1,'2025-04-08 16:28:51','2025-04-08 16:28:51'),(292,'陕西省','延安市','610600','610000',1,'2025-04-08 16:28:51','2025-04-08 16:28:51'),(293,'陕西省','汉中市','610700','610000',1,'2025-04-08 16:28:51','2025-04-08 16:28:51'),(294,'陕西省','榆林市','610800','610000',1,'2025-04-08 16:28:51','2025-04-08 16:28:51'),(295,'陕西省','安康市','610900','610000',1,'2025-04-08 16:28:51','2025-04-08 16:28:51'),(296,'陕西省','商洛市','611000','610000',1,'2025-04-08 16:28:51','2025-04-08 16:28:51'),(297,'甘肃省','兰州市','620100','620000',1,'2025-04-08 16:28:51','2025-04-08 16:28:51'),(298,'甘肃省','嘉峪关市','620200','620000',1,'2025-04-08 16:28:51','2025-04-08 16:28:51'),(299,'甘肃省','金昌市','620300','620000',1,'2025-04-08 16:28:51','2025-04-08 16:28:51'),(300,'甘肃省','白银市','620400','620000',1,'2025-04-08 16:28:51','2025-04-08 16:28:51'),(301,'甘肃省','天水市','620500','620000',1,'2025-04-08 16:28:51','2025-04-08 16:28:51'),(302,'甘肃省','武威市','620600','620000',1,'2025-04-08 16:28:51','2025-04-08 16:28:51'),(303,'甘肃省','张掖市','620700','620000',1,'2025-04-08 16:28:51','2025-04-08 16:28:51'),(304,'甘肃省','平凉市','620800','620000',1,'2025-04-08 16:28:51','2025-04-08 16:28:51'),(305,'甘肃省','酒泉市','620900','620000',1,'2025-04-08 16:28:51','2025-04-08 16:28:51'),(306,'甘肃省','庆阳市','621000','620000',1,'2025-04-08 16:28:51','2025-04-08 16:28:51'),(307,'甘肃省','定西市','621100','620000',1,'2025-04-08 16:28:51','2025-04-08 16:28:51'),(308,'甘肃省','陇南市','621200','620000',1,'2025-04-08 16:28:51','2025-04-08 16:28:51'),(309,'甘肃省','临夏回族自治州','622900','620000',1,'2025-04-08 16:28:51','2025-04-08 16:28:51'),(310,'甘肃省','甘南藏族自治州','623000','620000',1,'2025-04-08 16:28:51','2025-04-08 16:28:51'),(311,'青海省','西宁市','630100','630000',1,'2025-04-08 16:28:51','2025-04-08 16:28:51'),(312,'青海省','海东市','630200','630000',1,'2025-04-08 16:28:51','2025-04-08 16:28:51'),(313,'青海省','海北藏族自治州','632200','630000',1,'2025-04-08 16:28:51','2025-04-08 16:28:51'),(314,'青海省','黄南藏族自治州','632300','630000',1,'2025-04-08 16:28:51','2025-04-08 16:28:51'),(315,'青海省','海南藏族自治州','632500','630000',1,'2025-04-08 16:28:51','2025-04-08 16:28:51'),(316,'青海省','果洛藏族自治州','632600','630000',1,'2025-04-08 16:28:51','2025-04-08 16:28:51'),(317,'青海省','玉树藏族自治州','632700','630000',1,'2025-04-08 16:28:51','2025-04-08 16:28:51'),(318,'青海省','海西蒙古族藏族自治州','632800','630000',1,'2025-04-08 16:28:51','2025-04-08 16:28:51'),(319,'宁夏回族自治区','银川市','640100','640000',1,'2025-04-08 16:28:51','2025-04-08 16:28:51'),(320,'宁夏回族自治区','石嘴山市','640200','640000',1,'2025-04-08 16:28:51','2025-04-08 16:28:51'),(321,'宁夏回族自治区','吴忠市','640300','640000',1,'2025-04-08 16:28:51','2025-04-08 16:28:51'),(322,'宁夏回族自治区','固原市','640400','640000',1,'2025-04-08 16:28:51','2025-04-08 16:28:51'),(323,'宁夏回族自治区','中卫市','640500','640000',1,'2025-04-08 16:28:51','2025-04-08 16:28:51'),(324,'新疆维吾尔自治区','乌鲁木齐市','650100','650000',1,'2025-04-08 16:28:51','2025-04-08 16:28:51'),(325,'新疆维吾尔自治区','克拉玛依市','650200','650000',1,'2025-04-08 16:28:51','2025-04-08 16:28:51'),(326,'新疆维吾尔自治区','吐鲁番市','650400','650000',1,'2025-04-08 16:28:51','2025-04-08 16:28:51'),(327,'新疆维吾尔自治区','哈密市','650500','650000',1,'2025-04-08 16:28:51','2025-04-08 16:28:51'),(328,'新疆维吾尔自治区','昌吉回族自治州','652300','650000',1,'2025-04-08 16:28:51','2025-04-08 16:28:51'),(329,'新疆维吾尔自治区','博尔塔拉蒙古自治州','652700','650000',1,'2025-04-08 16:28:51','2025-04-08 16:28:51'),(330,'新疆维吾尔自治区','巴音郭楞蒙古自治州','652800','650000',1,'2025-04-08 16:28:51','2025-04-08 16:28:51'),(331,'新疆维吾尔自治区','阿克苏地区','652900','650000',1,'2025-04-08 16:28:51','2025-04-08 16:28:51'),(332,'新疆维吾尔自治区','克孜勒苏柯尔克孜自治州','653000','650000',1,'2025-04-08 16:28:51','2025-04-08 16:28:51'),(333,'新疆维吾尔自治区','喀什地区','653100','650000',1,'2025-04-08 16:28:51','2025-04-08 16:28:51'),(334,'新疆维吾尔自治区','和田地区','653200','650000',1,'2025-04-08 16:28:51','2025-04-08 16:28:51'),(335,'新疆维吾尔自治区','伊犁哈萨克自治州','654000','650000',1,'2025-04-08 16:28:51','2025-04-08 16:28:51'),(336,'新疆维吾尔自治区','塔城地区','654200','650000',1,'2025-04-08 16:28:51','2025-04-08 16:28:51'),(337,'新疆维吾尔自治区','阿勒泰地区','654300','650000',1,'2025-04-08 16:28:51','2025-04-08 16:28:51'),(338,'香港特别行政区','香港','810100','810000',1,'2025-04-08 16:28:51','2025-04-08 16:28:51'),(339,'澳门特别行政区','澳门','820100','820000',1,'2025-04-08 16:28:51','2025-04-08 16:28:51'),(340,'台湾省','台北市','710100','710000',1,'2025-04-08 16:28:51','2025-04-08 16:28:51'),(341,'台湾省','高雄市','710200','710000',1,'2025-04-08 16:28:51','2025-04-08 16:28:51'),(342,'台湾省','台中市','710300','710000',1,'2025-04-08 16:28:51','2025-04-08 16:28:51'),(343,'台湾省','台南市','710400','710000',1,'2025-04-08 16:28:51','2025-04-08 16:28:51'),(344,'台湾省','新北市','710500','710000',1,'2025-04-08 16:28:51','2025-04-08 16:28:51');
/*!40000 ALTER TABLE `t_city` ENABLE KEYS */;
UNLOCK TABLES;

--
-- Table structure for table `t_comment`
--

DROP TABLE IF EXISTS `t_comment`;
/*!40101 SET @saved_cs_client     = @@character_set_client */;
/*!50503 SET character_set_client = utf8mb4 */;
CREATE TABLE `t_comment` (
  `comment_id` bigint NOT NULL AUTO_INCREMENT,
  `post_id` bigint NOT NULL COMMENT '动态ID',
  `user_id` bigint NOT NULL COMMENT '评论用户ID',
  `content` text NOT NULL COMMENT '评论内容',
  `status` int DEFAULT '1' COMMENT '状态：0-删除，1-正常，2-违规',
  `parent_id` bigint DEFAULT NULL COMMENT '父评论ID，如果是回复评论则指向父评论，否则为null',
  `reply_user_id` bigint DEFAULT NULL COMMENT '被回复用户ID，如果是回复评论则为被回复用户ID，否则为null',
  `create_time` datetime DEFAULT CURRENT_TIMESTAMP,
  `review_reason` varchar(255) DEFAULT NULL COMMENT '审核原因',
  `review_time` datetime DEFAULT NULL COMMENT '审核时间',
  `update_time` datetime DEFAULT CURRENT_TIMESTAMP ON UPDATE CURRENT_TIMESTAMP COMMENT '更新时间',
  PRIMARY KEY (`comment_id`),
  KEY `post_id` (`post_id`),
  KEY `user_id` (`user_id`),
  KEY `idx_parent_id` (`parent_id`),
  KEY `idx_reply_user_id` (`reply_user_id`),
  CONSTRAINT `fk_parent_comment` FOREIGN KEY (`parent_id`) REFERENCES `t_comment` (`comment_id`) ON DELETE SET NULL,
  CONSTRAINT `fk_reply_user` FOREIGN KEY (`reply_user_id`) REFERENCES `t_user` (`user_id`) ON DELETE SET NULL,
  CONSTRAINT `t_comment_ibfk_1` FOREIGN KEY (`post_id`) REFERENCES `t_post` (`post_id`),
  CONSTRAINT `t_comment_ibfk_2` FOREIGN KEY (`user_id`) REFERENCES `t_user` (`user_id`)
) ENGINE=InnoDB AUTO_INCREMENT=8 DEFAULT CHARSET=utf8mb4 COLLATE=utf8mb4_0900_ai_ci COMMENT='评论表';
/*!40101 SET character_set_client = @saved_cs_client */;

--
-- Dumping data for table `t_comment`
--

LOCK TABLES `t_comment` WRITE;
/*!40000 ALTER TABLE `t_comment` DISABLE KEYS */;
INSERT INTO `t_comment` VALUES (1,14,2,'156516',1,NULL,NULL,'2025-04-08 14:45:54',NULL,NULL,'2025-04-09 14:40:03'),(2,14,46,'4564564',1,NULL,NULL,'2025-04-08 14:46:15',NULL,NULL,'2025-04-09 14:40:03'),(3,14,46,'2',1,2,46,'2025-04-08 15:00:12',NULL,NULL,'2025-04-09 14:40:03'),(4,14,46,'5',1,1,2,'2025-04-08 15:00:20',NULL,NULL,'2025-04-09 14:40:03'),(6,15,55,'666',1,NULL,NULL,'2025-04-10 19:20:58',NULL,NULL,'2025-04-10 19:20:58'),(7,13,2,'66',1,NULL,NULL,'2025-04-12 00:30:09',NULL,NULL,'2025-04-12 00:30:09');
/*!40000 ALTER TABLE `t_comment` ENABLE KEYS */;
UNLOCK TABLES;

--
-- Table structure for table `t_conversation`
--

DROP TABLE IF EXISTS `t_conversation`;
/*!40101 SET @saved_cs_client     = @@character_set_client */;
/*!50503 SET character_set_client = utf8mb4 */;
CREATE TABLE `t_conversation` (
  `conversation_id` bigint NOT NULL AUTO_INCREMENT,
  `user_a_id` bigint NOT NULL COMMENT '用户A',
  `user_b_id` bigint NOT NULL COMMENT '用户B',
  `last_message` text COMMENT '最后一条消息',
  `last_message_time` datetime DEFAULT NULL COMMENT '最后消息时间',
  `create_time` datetime DEFAULT CURRENT_TIMESTAMP,
  `unread_count` int DEFAULT '0' COMMENT '未读消息数量',
  PRIMARY KEY (`conversation_id`),
  UNIQUE KEY `uk_users` (`user_a_id`,`user_b_id`),
  KEY `user_b_id` (`user_b_id`),
  CONSTRAINT `t_conversation_ibfk_1` FOREIGN KEY (`user_a_id`) REFERENCES `t_user` (`user_id`),
  CONSTRAINT `t_conversation_ibfk_2` FOREIGN KEY (`user_b_id`) REFERENCES `t_user` (`user_id`)
) ENGINE=InnoDB AUTO_INCREMENT=14 DEFAULT CHARSET=utf8mb4 COLLATE=utf8mb4_0900_ai_ci COMMENT='聊天会话表';
/*!40101 SET character_set_client = @saved_cs_client */;

--
-- Dumping data for table `t_conversation`
--

LOCK TABLES `t_conversation` WRITE;
/*!40000 ALTER TABLE `t_conversation` DISABLE KEYS */;
INSERT INTO `t_conversation` VALUES (1,10,51,NULL,'2025-04-08 04:49:03','2025-04-08 04:49:03',1),(2,48,51,NULL,'2025-04-08 04:54:46','2025-04-08 04:54:46',0),(3,46,49,'5','2025-04-10 11:44:48','2025-04-08 05:00:06',3),(4,43,46,'5','2025-04-13 18:51:44','2025-04-08 06:18:17',0),(5,45,51,NULL,'2025-04-08 06:18:39','2025-04-08 06:18:39',0),(6,44,51,NULL,'2025-04-08 06:19:07','2025-04-08 06:19:07',0),(7,46,52,NULL,'2025-04-08 11:39:51','2025-04-08 11:39:51',0),(8,45,46,NULL,'2025-04-10 12:03:16','2025-04-10 12:03:16',0),(9,46,47,NULL,'2025-04-10 12:03:19','2025-04-10 12:03:19',0),(10,46,51,'6','2025-04-12 15:07:15','2025-04-10 12:03:22',1),(11,50,55,'+5+65+65+','2025-04-11 17:43:42','2025-04-11 15:03:09',31),(12,2,49,'阿斯顿撒多','2025-04-11 23:43:48','2025-04-11 23:15:01',1),(13,42,46,'爸爸成功','2025-04-14 23:22:59','2025-04-13 23:33:54',0);
/*!40000 ALTER TABLE `t_conversation` ENABLE KEYS */;
UNLOCK TABLES;

--
-- Table structure for table `t_education_verification`
--

DROP TABLE IF EXISTS `t_education_verification`;
/*!40101 SET @saved_cs_client     = @@character_set_client */;
/*!50503 SET character_set_client = utf8mb4 */;
CREATE TABLE `t_education_verification` (
  `verification_id` bigint NOT NULL COMMENT '认证ID',
  `user_id` bigint NOT NULL COMMENT '用户ID',
  `type` varchar(20) NOT NULL COMMENT '认证类型：education-教育认证',
  `status` varchar(20) NOT NULL COMMENT '认证状态：pending-待审核，approved-已通过，rejected-已拒绝',
  `reject_reason` varchar(255) DEFAULT NULL COMMENT '拒绝原因',
  `create_time` datetime NOT NULL COMMENT '认证提交时间',
  `update_time` datetime DEFAULT NULL COMMENT '认证审核时间',
  `school` varchar(100) NOT NULL COMMENT '学校名称',
  `college` varchar(100) DEFAULT NULL COMMENT '学院',
  `major` varchar(100) NOT NULL COMMENT '专业',
  `student_id` varchar(50) NOT NULL COMMENT '学号',
  `enrollment_year` int NOT NULL COMMENT '入学年份',
  `student_card_front` varchar(255) NOT NULL COMMENT '学生证封面照片URL',
  `student_card_inside` varchar(255) NOT NULL COMMENT '学生证内页照片URL',
  PRIMARY KEY (`verification_id`),
  KEY `idx_user_id` (`user_id`)
) ENGINE=InnoDB DEFAULT CHARSET=utf8mb4 COLLATE=utf8mb4_0900_ai_ci COMMENT='教育认证表';
/*!40101 SET character_set_client = @saved_cs_client */;

--
-- Dumping data for table `t_education_verification`
--

LOCK TABLES `t_education_verification` WRITE;
/*!40000 ALTER TABLE `t_education_verification` DISABLE KEYS */;
INSERT INTO `t_education_verification` VALUES (3,46,'education','pending',NULL,'2025-04-14 22:42:37',NULL,'北京大学','','技术算计','123',2025,'https://image-0620.oss-cn-shenzhen.aliyuncs.com/images/2025/04/14/66bd118edd284223a322074e83e489e6.png','https://image-0620.oss-cn-shenzhen.aliyuncs.com/images/2025/04/14/fb74d9787afc4448a6a69a285c787566.png'),(4,46,'education','pending',NULL,'2025-04-15 16:32:48',NULL,'自行车自行车','自行车在线','自行车','自行车',2025,'https://image-0620.oss-cn-shenzhen.aliyuncs.com/images/2025/04/15/8db556c338214ad395a8f181edd360c7.png','https://image-0620.oss-cn-shenzhen.aliyuncs.com/images/2025/04/15/873f71989578454b856700a519f34db1.png');
/*!40000 ALTER TABLE `t_education_verification` ENABLE KEYS */;
UNLOCK TABLES;

--
-- Table structure for table `t_identity_verification`
--

DROP TABLE IF EXISTS `t_identity_verification`;
/*!40101 SET @saved_cs_client     = @@character_set_client */;
/*!50503 SET character_set_client = utf8mb4 */;
CREATE TABLE `t_identity_verification` (
  `verification_id` bigint NOT NULL COMMENT '认证ID',
  `user_id` bigint NOT NULL COMMENT '用户ID',
  `type` varchar(20) NOT NULL COMMENT '认证类型：identity-身份认证',
  `status` varchar(20) NOT NULL COMMENT '认证状态：pending-待审核，approved-已通过，rejected-已拒绝',
  `reject_reason` varchar(255) DEFAULT NULL COMMENT '拒绝原因',
  `create_time` datetime NOT NULL COMMENT '认证提交时间',
  `update_time` datetime DEFAULT NULL COMMENT '认证审核时间',
  `real_name` varchar(50) NOT NULL COMMENT '真实姓名',
  `id_number` varchar(18) NOT NULL COMMENT '身份证号',
  `id_card_front` varchar(255) NOT NULL COMMENT '身份证正面照片URL',
  `id_card_back` varchar(255) NOT NULL COMMENT '身份证背面照片URL',
  `face_image` varchar(255) DEFAULT NULL COMMENT '人脸',
  PRIMARY KEY (`verification_id`),
  KEY `idx_user_id` (`user_id`)
) ENGINE=InnoDB DEFAULT CHARSET=utf8mb4 COLLATE=utf8mb4_0900_ai_ci COMMENT='身份认证表';
/*!40101 SET character_set_client = @saved_cs_client */;

--
-- Dumping data for table `t_identity_verification`
--

LOCK TABLES `t_identity_verification` WRITE;
/*!40000 ALTER TABLE `t_identity_verification` DISABLE KEYS */;
INSERT INTO `t_identity_verification` VALUES (2,46,'identity','pending',NULL,'2025-04-14 22:06:21',NULL,'成春炫','44172320011106291X','https://image-0620.oss-cn-shenzhen.aliyuncs.com/images/2025/04/14/25d95287d5b84c77936174a17e9e0161.png','https://image-0620.oss-cn-shenzhen.aliyuncs.com/images/2025/04/14/4c35100748354fc69bdb036eaedc067c.png',NULL);
/*!40000 ALTER TABLE `t_identity_verification` ENABLE KEYS */;
UNLOCK TABLES;

--
-- Table structure for table `t_occupation`
--

DROP TABLE IF EXISTS `t_occupation`;
/*!40101 SET @saved_cs_client     = @@character_set_client */;
/*!50503 SET character_set_client = utf8mb4 */;
CREATE TABLE `t_occupation` (
  `occupation_id` int NOT NULL AUTO_INCREMENT,
  `name` varchar(50) NOT NULL COMMENT '职业名称',
  `code` varchar(20) NOT NULL COMMENT '职业编码',
  `category` varchar(50) DEFAULT NULL COMMENT '职业类别',
  `status` int DEFAULT '1' COMMENT '状态：0-禁用，1-正常',
  `create_time` datetime DEFAULT CURRENT_TIMESTAMP,
  `update_time` datetime DEFAULT CURRENT_TIMESTAMP ON UPDATE CURRENT_TIMESTAMP,
  PRIMARY KEY (`occupation_id`),
  UNIQUE KEY `uk_occupation_code` (`code`)
) ENGINE=InnoDB AUTO_INCREMENT=153 DEFAULT CHARSET=utf8mb4 COLLATE=utf8mb4_0900_ai_ci COMMENT='职业信息表';
/*!40101 SET character_set_client = @saved_cs_client */;

--
-- Dumping data for table `t_occupation`
--

LOCK TABLES `t_occupation` WRITE;
/*!40000 ALTER TABLE `t_occupation` DISABLE KEYS */;
/*!40000 ALTER TABLE `t_occupation` ENABLE KEYS */;
UNLOCK TABLES;

--
-- Table structure for table `t_operation_log`
--

DROP TABLE IF EXISTS `t_operation_log`;
/*!40101 SET @saved_cs_client     = @@character_set_client */;
/*!50503 SET character_set_client = utf8mb4 */;
CREATE TABLE `t_operation_log` (
  `log_id` bigint NOT NULL AUTO_INCREMENT,
  `admin_id` bigint NOT NULL COMMENT '管理员ID',
  `operation_type` varchar(50) NOT NULL COMMENT '操作类型',
  `operation_content` text COMMENT '操作内容',
  `ip` varchar(50) DEFAULT NULL COMMENT 'IP地址',
  `create_time` datetime DEFAULT CURRENT_TIMESTAMP,
  PRIMARY KEY (`log_id`),
  KEY `admin_id` (`admin_id`),
  CONSTRAINT `t_operation_log_ibfk_1` FOREIGN KEY (`admin_id`) REFERENCES `t_admin` (`admin_id`)
) ENGINE=InnoDB DEFAULT CHARSET=utf8mb4 COLLATE=utf8mb4_0900_ai_ci COMMENT='操作日志表';
/*!40101 SET character_set_client = @saved_cs_client */;

--
-- Dumping data for table `t_operation_log`
--

LOCK TABLES `t_operation_log` WRITE;
/*!40000 ALTER TABLE `t_operation_log` DISABLE KEYS */;
/*!40000 ALTER TABLE `t_operation_log` ENABLE KEYS */;
UNLOCK TABLES;

--
-- Table structure for table `t_post`
--

DROP TABLE IF EXISTS `t_post`;
/*!40101 SET @saved_cs_client     = @@character_set_client */;
/*!50503 SET character_set_client = utf8mb4 */;
CREATE TABLE `t_post` (
  `post_id` bigint NOT NULL AUTO_INCREMENT,
  `user_id` bigint NOT NULL COMMENT '用户ID',
  `content` text NOT NULL COMMENT '内容',
  `images` json DEFAULT NULL COMMENT '图片列表',
  `like_count` int DEFAULT '0' COMMENT '点赞数',
  `comment_count` int DEFAULT '0' COMMENT '评论数',
  `status` int DEFAULT '1' COMMENT '状态：0-删除，1-正常，2-违规',
  `review_reason` varchar(255) DEFAULT NULL COMMENT '审核原因',
  `review_time` datetime DEFAULT NULL COMMENT '审核时间',
  `create_time` datetime DEFAULT CURRENT_TIMESTAMP,
  `update_time` datetime DEFAULT CURRENT_TIMESTAMP ON UPDATE CURRENT_TIMESTAMP COMMENT '更新时间',
  `share_count` int DEFAULT '0' COMMENT '分享数',
  `is_shared` tinyint(1) DEFAULT '0' COMMENT '是否为分享的动态',
  `original_post_id` bigint DEFAULT NULL COMMENT '原始动态ID（如果是分享的动态）',
  `post_type` int DEFAULT '0' COMMENT '动态类型：0-普通，1-图文，2-视频，3-链接',
  `hot_score` double DEFAULT '0' COMMENT '热度评分',
  `city` varchar(50) DEFAULT '' COMMENT '发布城市',
  PRIMARY KEY (`post_id`),
  KEY `user_id` (`user_id`),
  CONSTRAINT `t_post_ibfk_1` FOREIGN KEY (`user_id`) REFERENCES `t_user` (`user_id`)
) ENGINE=InnoDB AUTO_INCREMENT=17 DEFAULT CHARSET=utf8mb4 COLLATE=utf8mb4_0900_ai_ci COMMENT='动态表';
/*!40101 SET character_set_client = @saved_cs_client */;

--
-- Dumping data for table `t_post`
--

LOCK TABLES `t_post` WRITE;
/*!40000 ALTER TABLE `t_post` DISABLE KEYS */;
INSERT INTO `t_post` VALUES (1,1,'今天学习了新的编程技术，感觉很充实！','[\"https://picsum.photos/id/11/600/400\"]',5,2,1,'含有敏感词','2025-04-09 15:31:01','2025-04-07 19:42:26','2025-04-09 13:28:14',1,0,NULL,0,0,''),(2,2,'分享一下我最新的设计作品，希望大家喜欢','[\"https://picsum.photos/id/12/600/400\", \"https://picsum.photos/id/13/600/400\"]',8,3,0,NULL,NULL,'2025-04-07 19:42:26','2025-04-09 13:28:14',2,0,NULL,0,0,''),(3,3,'思考产品的本质，是为了解决用户的什么问题？',NULL,3,1,1,NULL,NULL,'2025-04-07 19:42:26','2025-04-09 13:28:14',0,0,NULL,0,0,''),(4,4,'教育不仅是传授知识，更是启迪心灵','[\"https://picsum.photos/id/14/600/400\"]',6,2,1,NULL,NULL,'2025-04-07 19:42:26','2025-04-09 13:28:14',1,0,NULL,0,0,''),(5,5,'分享一个有效的市场策略：始终关注用户需求',NULL,4,1,1,NULL,NULL,'2025-04-07 19:42:26','2025-04-09 13:28:14',1,0,NULL,0,0,''),(6,6,'理财小技巧：先储蓄，再消费',NULL,7,3,1,NULL,NULL,'2025-04-07 19:42:26','2025-04-09 13:28:14',2,0,NULL,0,0,''),(7,7,'健康生活从每天的小习惯开始','[\"https://picsum.photos/id/15/600/400\"]',9,4,1,NULL,NULL,'2025-04-07 19:42:26','2025-04-09 13:28:14',3,0,NULL,0,0,''),(8,8,'团队协作的关键是有效沟通',NULL,5,2,1,NULL,NULL,'2025-04-07 19:42:26','2025-04-09 13:28:14',1,0,NULL,0,0,''),(9,9,'销售不是说服，而是帮助客户做出正确的选择','[\"https://picsum.photos/id/16/600/400\"]',6,3,1,NULL,NULL,'2025-04-07 19:42:26','2025-04-09 13:28:14',1,0,NULL,0,0,''),(10,10,'科学研究需要持之以恒的探索精神','[\"https://picsum.photos/id/17/600/400\", \"https://picsum.photos/id/18/600/400\"]',10,5,1,NULL,NULL,'2025-04-07 19:42:26','2025-04-09 13:28:14',4,0,NULL,0,0,''),(11,46,'1231','[]',0,0,0,NULL,NULL,'2025-04-08 13:24:45','2025-04-09 13:28:14',0,0,NULL,0,10,''),(12,46,'你哈呀','[\"images/294527ed-f009-4419-ade4-2ebdd054b609.png\"]',0,0,1,NULL,NULL,'2025-04-08 14:25:29','2025-04-12 17:37:40',0,0,NULL,1,10,''),(13,2,'546465','[\"https://image-0620.oss-cn-shenzhen.aliyuncs.com/images/2025/04/08/5805b7f9116544b5a37bf3e8509ac972.jpg\"]',1,1,1,NULL,NULL,'2025-04-08 14:38:06','2025-04-12 00:45:57',0,0,NULL,1,10,''),(14,2,'546465我','[\"https://image-0620.oss-cn-shenzhen.aliyuncs.com/images/2025/04/08/79d84b690e2a4528bb6883f1b041e868.jpg\", \"https://image-0620.oss-cn-shenzhen.aliyuncs.com/images/2025/04/08/5a25a103e5ae4d01aa68ae647128822a.jpg\", \"https://image-0620.oss-cn-shenzhen.aliyuncs.com/images/2025/04/08/cc289c463f594e6c9de91e7d03725372.jpg\", \"https://image-0620.oss-cn-shenzhen.aliyuncs.com/images/2025/04/08/74daa55c99d947b2a2ff09d1287b008a.jpg\", \"https://image-0620.oss-cn-shenzhen.aliyuncs.com/images/2025/04/08/ef568f6e106646eaab8ace99b586e74d.jpg\", \"https://image-0620.oss-cn-shenzhen.aliyuncs.com/images/2025/04/08/2d6fa05b2a134809b5395c6d8dc792d9.jpg\", \"https://image-0620.oss-cn-shenzhen.aliyuncs.com/images/2025/04/08/847f4cfcd00a4b8380eb202948fa8502.jpg\", \"https://image-0620.oss-cn-shenzhen.aliyuncs.com/images/2025/04/08/c1cb75dec4864467b043ea1e36f3e645.jpg\", \"https://image-0620.oss-cn-shenzhen.aliyuncs.com/images/2025/04/08/efca99c364574599a027ff2d90264b45.jpg\"]',1,5,2,'含有违规内容','2025-04-09 14:50:18','2025-04-08 14:39:46','2025-04-09 13:28:14',0,0,NULL,1,10,''),(15,54,'123456','[]',2,1,1,NULL,NULL,'2025-04-10 17:36:56','2025-04-12 00:45:55',0,0,NULL,0,10,''),(16,42,'哈喽','[\"https://image-0620.oss-cn-shenzhen.aliyuncs.com/images/2025/04/15/0fe36ae73899416799a766ed90011962.png\"]',0,0,1,NULL,NULL,'2025-04-15 16:39:14','2025-04-15 16:39:14',0,0,NULL,1,10,'上海市');
/*!40000 ALTER TABLE `t_post` ENABLE KEYS */;
UNLOCK TABLES;

--
-- Table structure for table `t_post_like`
--

DROP TABLE IF EXISTS `t_post_like`;
/*!40101 SET @saved_cs_client     = @@character_set_client */;
/*!50503 SET character_set_client = utf8mb4 */;
CREATE TABLE `t_post_like` (
  `like_id` bigint NOT NULL AUTO_INCREMENT,
  `post_id` bigint NOT NULL COMMENT '动态ID',
  `user_id` bigint NOT NULL COMMENT '用户ID',
  `create_time` datetime DEFAULT CURRENT_TIMESTAMP,
  PRIMARY KEY (`like_id`),
  UNIQUE KEY `uk_post_user` (`post_id`,`user_id`),
  KEY `user_id` (`user_id`),
  CONSTRAINT `t_post_like_ibfk_1` FOREIGN KEY (`post_id`) REFERENCES `t_post` (`post_id`),
  CONSTRAINT `t_post_like_ibfk_2` FOREIGN KEY (`user_id`) REFERENCES `t_user` (`user_id`)
) ENGINE=InnoDB AUTO_INCREMENT=9 DEFAULT CHARSET=utf8mb4 COLLATE=utf8mb4_0900_ai_ci COMMENT='动态点赞表';
/*!40101 SET character_set_client = @saved_cs_client */;

--
-- Dumping data for table `t_post_like`
--

LOCK TABLES `t_post_like` WRITE;
/*!40000 ALTER TABLE `t_post_like` DISABLE KEYS */;
INSERT INTO `t_post_like` VALUES (4,14,2,'2025-04-08 15:00:34'),(5,15,54,'2025-04-10 17:39:01'),(6,15,2,'2025-04-12 00:45:55'),(7,13,2,'2025-04-12 00:45:56');
/*!40000 ALTER TABLE `t_post_like` ENABLE KEYS */;
UNLOCK TABLES;

--
-- Table structure for table `t_report`
--

DROP TABLE IF EXISTS `t_report`;
/*!40101 SET @saved_cs_client     = @@character_set_client */;
/*!50503 SET character_set_client = utf8mb4 */;
CREATE TABLE `t_report` (
  `report_id` bigint NOT NULL AUTO_INCREMENT,
  `report_type` int NOT NULL COMMENT '举报类型：1-动态，2-评论，3-用户',
  `reporter_id` bigint NOT NULL COMMENT '举报人ID',
  `target_id` bigint NOT NULL COMMENT '被举报对象ID（动态ID、评论ID或用户ID）',
  `reason` varchar(100) NOT NULL COMMENT '举报原因',
  `content` text COMMENT '举报内容描述',
  `images` json DEFAULT NULL COMMENT '证据图片',
  `status` int DEFAULT '0' COMMENT '状态：0-待处理，1-已处理（违规），2-已处理（非违规），3-忽略',
  `result` varchar(255) DEFAULT NULL COMMENT '处理结果说明',
  `handle_time` datetime DEFAULT NULL COMMENT '处理时间',
  `handler_id` bigint DEFAULT NULL COMMENT '处理人ID（管理员ID）',
  `create_time` datetime DEFAULT CURRENT_TIMESTAMP COMMENT '创建时间',
  PRIMARY KEY (`report_id`),
  KEY `reporter_id` (`reporter_id`),
  KEY `idx_target` (`report_type`,`target_id`),
  KEY `idx_status` (`status`),
  CONSTRAINT `t_report_ibfk_1` FOREIGN KEY (`reporter_id`) REFERENCES `t_user` (`user_id`)
) ENGINE=InnoDB AUTO_INCREMENT=5 DEFAULT CHARSET=utf8mb4 COLLATE=utf8mb4_0900_ai_ci COMMENT='举报表';
/*!40101 SET character_set_client = @saved_cs_client */;

--
-- Dumping data for table `t_report`
--

LOCK TABLES `t_report` WRITE;
/*!40000 ALTER TABLE `t_report` DISABLE KEYS */;
INSERT INTO `t_report` VALUES (1,1,46,14,'虚假信息','',NULL,1,'含有广告信息','2025-04-09 21:46:05',NULL,'2025-04-09 21:26:36'),(2,2,2,7,'违法违规','',NULL,0,NULL,NULL,NULL,'2025-04-12 00:30:47'),(3,1,42,15,'商业广告','',NULL,0,NULL,NULL,NULL,'2025-04-15 23:27:34'),(4,1,42,15,'政治敏感','666',NULL,0,NULL,NULL,NULL,'2025-04-15 23:27:41');
/*!40000 ALTER TABLE `t_report` ENABLE KEYS */;
UNLOCK TABLES;

--
-- Table structure for table `t_system_settings`
--

DROP TABLE IF EXISTS `t_system_settings`;
/*!40101 SET @saved_cs_client     = @@character_set_client */;
/*!50503 SET character_set_client = utf8mb4 */;
CREATE TABLE `t_system_settings` (
  `id` bigint NOT NULL AUTO_INCREMENT COMMENT '主键ID',
  `group` varchar(50) NOT NULL COMMENT '设置组（如security, basic, notification等）',
  `setting_key` varchar(50) NOT NULL COMMENT '设置键',
  `setting_value` text COMMENT '设置值（可能是字符串、数字、JSON等）',
  `description` varchar(255) DEFAULT NULL COMMENT '设置描述',
  `create_time` datetime NOT NULL DEFAULT CURRENT_TIMESTAMP COMMENT '创建时间',
  `update_time` datetime NOT NULL DEFAULT CURRENT_TIMESTAMP ON UPDATE CURRENT_TIMESTAMP COMMENT '更新时间',
  PRIMARY KEY (`id`),
  UNIQUE KEY `uk_group_key` (`group`,`setting_key`) COMMENT '组和键的唯一索引'
) ENGINE=InnoDB AUTO_INCREMENT=45 DEFAULT CHARSET=utf8mb4 COLLATE=utf8mb4_0900_ai_ci COMMENT='系统设置表';
/*!40101 SET character_set_client = @saved_cs_client */;

--
-- Dumping data for table `t_system_settings`
--

LOCK TABLES `t_system_settings` WRITE;
/*!40000 ALTER TABLE `t_system_settings` DISABLE KEYS */;
INSERT INTO `t_system_settings` VALUES (9,'security','passwordMinLength','8','密码最小长度','2025-04-10 18:44:31','2025-04-13 17:27:23'),(10,'security','passwordStrength','[lowercase, number]','密码强度要求','2025-04-10 18:44:31','2025-04-13 17:27:23'),(11,'security','passwordExpireDays','90','密码过期天数','2025-04-10 18:44:31','2025-04-13 17:27:23'),(12,'security','maxLoginAttempts','5','最大登录尝试次数','2025-04-10 18:44:31','2025-04-13 17:27:23'),(13,'security','accountLockTime','30','账户锁定时间（分钟）','2025-04-10 18:44:31','2025-04-13 17:27:23'),(14,'security','enableCaptcha','true','是否启用验证码','2025-04-10 18:44:31','2025-04-13 17:27:23'),(15,'security','sessionTimeout','60','会话超时时间（分钟）','2025-04-10 18:44:31','2025-04-13 17:27:23'),(34,'ai_assistant','enabled','true','AI助手功能是否启用','2025-04-13 14:03:09','2025-04-15 23:02:18'),(35,'ai_assistant','name','Social AI','AI助手的名称','2025-04-13 14:03:09','2025-04-15 23:02:18'),(36,'ai_assistant','avatar','https://image-0620.oss-cn-shenzhen.aliyuncs.com/images/2025/04/09/d60c0ae5e4d249ec8ba654fe54bb7d72.png','AI助手的头像URL','2025-04-13 14:03:09','2025-04-15 23:02:18'),(37,'ai_assistant','welcome_message','你好！我是你的AI助手，有什么我可以帮你的吗？','AI助手的欢迎语','2025-04-13 14:03:09','2025-04-15 23:02:18'),(38,'ai_assistant','api_provider','deepseek','AI服务提供商','2025-04-13 14:03:09','2025-04-13 14:03:09'),(39,'ai_assistant','api_key','sk-4e2dfd1086874443898901ec51cc4780','DeepSeek API密钥','2025-04-13 14:03:09','2025-04-13 17:27:40'),(40,'ai_assistant','api_base_url','https://api.deepseek.com/v1','DeepSeek API基础URL','2025-04-13 14:03:09','2025-04-15 23:02:18'),(41,'ai_assistant','model_name','deepseek-chat','DeepSeek模型名称','2025-04-13 14:03:09','2025-04-15 23:02:18'),(42,'ai_assistant','temperature','0.7','AI回复的随机性程度','2025-04-13 14:03:09','2025-04-15 23:02:18'),(43,'ai_assistant','max_tokens','2000','单次回复的最大token数','2025-04-13 14:03:09','2025-04-15 23:02:18'),(44,'ai_assistant','system_prompt','你是一个友好的AI助手，你的名字是Social AI。你会以简洁、友好的方式回答用户的问题.','AI助手的系统提示词','2025-04-13 14:03:09','2025-04-15 23:02:18');
/*!40000 ALTER TABLE `t_system_settings` ENABLE KEYS */;
UNLOCK TABLES;

--
-- Table structure for table `t_user`
--

DROP TABLE IF EXISTS `t_user`;
/*!40101 SET @saved_cs_client     = @@character_set_client */;
/*!50503 SET character_set_client = utf8mb4 */;
CREATE TABLE `t_user` (
  `user_id` bigint NOT NULL AUTO_INCREMENT,
  `username` varchar(50) NOT NULL COMMENT '用户名',
  `phone` varchar(20) NOT NULL COMMENT '手机号',
  `password` varchar(100) NOT NULL COMMENT '密码',
  `avatar` varchar(255) DEFAULT '' COMMENT '头像URL',
  `gender` int DEFAULT '0' COMMENT '性别：0-未知，1-男，2-女',
  `birthday` date DEFAULT NULL COMMENT '生日',
  `status` int DEFAULT '1' COMMENT '状态：0-禁用，1-正常',
  `create_time` datetime DEFAULT CURRENT_TIMESTAMP,
  `update_time` datetime DEFAULT CURRENT_TIMESTAMP ON UPDATE CURRENT_TIMESTAMP,
  PRIMARY KEY (`user_id`),
  UNIQUE KEY `uk_username` (`username`),
  UNIQUE KEY `uk_phone` (`phone`)
) ENGINE=InnoDB AUTO_INCREMENT=56 DEFAULT CHARSET=utf8mb4 COLLATE=utf8mb4_0900_ai_ci COMMENT='用户表';
/*!40101 SET character_set_client = @saved_cs_client */;

--
-- Dumping data for table `t_user`
--

LOCK TABLES `t_user` WRITE;
/*!40000 ALTER TABLE `t_user` DISABLE KEYS */;
INSERT INTO `t_user` VALUES (1,'user','13800138001','$2a$10$33keLRO32F0.TzbRGGb2Pef0Pj013dyMQLuzt31lOiQsCxl7g8PNG','',0,NULL,1,'2025-04-07 00:34:45','2025-04-08 22:19:31'),(2,'testuser','13800138000','$2a$10$sa.LDswPwZGaZlf1YZ9RHOKE3pjU85Cp4RSfdELYjpc0l1vZF3oNK','https://image-0620.oss-cn-shenzhen.aliyuncs.com/images/2025/04/11/b2a3abbe9f37485e97d64e4867b564a5.png',1,NULL,1,'2025-04-07 00:35:18','2025-04-07 00:35:18'),(3,'ceshi','13455138455','$2a$10$esYWxFBE3P.3X8KTaennbOgFapu7Aoy1Twxo2ufn6McDUqLVUjccu','',0,NULL,1,'2025-04-07 11:38:55','2025-04-07 11:38:55'),(4,'123456','18323211111','$2a$10$zQgSnscXEuNNc9IY7lLxpu.fgXAJOJ2MVWYuIDgq7lcgCW/f1Kkr.','',0,NULL,1,'2025-04-07 11:50:25','2025-04-07 11:50:25'),(5,'testuser2','13800138002','$2a$10$U5u3Bh2FDy/KQp3p.085XuCQyEO/dHDF6l0HnkKr/vkt5FQoDoQWq','',1,NULL,1,'2025-04-07 16:31:35','2025-04-07 16:31:35'),(6,'testuser3','13800138003','$2a$10$0ul8mhynLy.a/q7g4iyLdOGoJFaK9c.ffRfHporQ3QDIAno52enYS','',1,NULL,1,'2025-04-07 16:31:47','2025-04-07 16:31:47'),(7,'testuser4','13800138004','$2a$10$EcAGwiBjK7sa//W/zgwkJOmADprKAkS9MfqJhri3GuHj5/vnAXLBG','',1,NULL,1,'2025-04-07 16:31:52','2025-04-07 16:31:52'),(8,'testuser5','13800138005','$2a$10$WH1iHyuegMdy3irA7boH8.LkgWMHbb4xS4WY6zwt.RBVcDjl14.0.','',1,NULL,1,'2025-04-07 16:31:56','2025-04-07 16:31:56'),(9,'testuser6','13800138006','$2a$10$8sSPtTn.FtMbOY23W6Nl9urrSJE8rJFQeTe/I.YlH3vr3pEMERR9K','',1,NULL,1,'2025-04-07 16:32:00','2025-04-07 16:32:00'),(10,'testuser7','13800138007','$2a$10$AzRZS4NpKikckHV3I7R53ea2tJfx/BJi2JxC7aQnGf5f7Pdrto9gm','',1,NULL,1,'2025-04-07 16:32:04','2025-04-07 16:32:04'),(11,'testuser8','13800138008','$2a$10$fiMboZ4GGqSyldLs.WsVGONN9ovLdhxKWElHtfrWJBjnffMMklnWq','',1,NULL,1,'2025-04-07 16:32:09','2025-04-07 16:32:09'),(42,'user1','13800138010','$2a$10$sa.LDswPwZGaZlf1YZ9RHOKE3pjU85Cp4RSfdELYjpc0l1vZF3oNK','https://randomuser.me/api/portraits/men/1.jpg',1,'1990-01-15',1,'2025-04-07 19:42:26','2025-04-13 22:20:02'),(43,'user2','13800138011','$2a$10$sa.LDswPwZGaZlf1YZ9RHOKE3pjU85Cp4RSfdELYjpc0l1vZF3oNK','https://randomuser.me/api/portraits/women/2.jpg',2,'1992-05-20',1,'2025-04-07 19:42:26','2025-04-12 15:27:09'),(44,'user3','13800138012','$2a$10$ySG2lkvjFHY5O0./CPIE1OI8VJsuKYEzOYzqIa7AJR6sEgSzUFOAm','https://randomuser.me/api/portraits/men/3.jpg',1,'1988-11-08',1,'2025-04-07 19:42:26','2025-04-07 19:42:26'),(45,'user4','13800138013','$2a$10$ySG2lkvjFHY5O0./CPIE1OI8VJsuKYEzOYzqIa7AJR6sEgSzUFOAm','https://randomuser.me/api/portraits/women/4.jpg',2,NULL,1,'2025-04-07 19:42:26','2025-04-13 23:32:23'),(46,'user5','13800138014','$2a$10$sa.LDswPwZGaZlf1YZ9RHOKE3pjU85Cp4RSfdELYjpc0l1vZF3oNK','https://randomuser.me/api/portraits/men/5.jpg',1,NULL,1,'2025-04-07 19:42:26','2025-04-13 23:32:44'),(47,'user6','13800138015','$2a$10$ySG2lkvjFHY5O0./CPIE1OI8VJsuKYEzOYzqIa7AJR6sEgSzUFOAm','https://randomuser.me/api/portraits/women/6.jpg',2,'1993-09-18',1,'2025-04-07 19:42:26','2025-04-07 19:42:26'),(48,'user7','13800138016','$2a$10$ySG2lkvjFHY5O0./CPIE1OI8VJsuKYEzOYzqIa7AJR6sEgSzUFOAm','https://randomuser.me/api/portraits/men/7.jpg',1,'1991-12-30',1,'2025-04-07 19:42:26','2025-04-07 19:42:26'),(49,'user8','13800138017','$2a$10$ySG2lkvjFHY5O0./CPIE1OI8VJsuKYEzOYzqIa7AJR6sEgSzUFOAm','https://randomuser.me/api/portraits/women/8.jpg',2,'1989-04-14',1,'2025-04-07 19:42:26','2025-04-07 19:42:26'),(50,'user9','13800138018','$2a$10$sa.LDswPwZGaZlf1YZ9RHOKE3pjU85Cp4RSfdELYjpc0l1vZF3oNK','https://randomuser.me/api/portraits/men/9.jpg',1,'1994-06-22',1,'2025-04-07 19:42:26','2025-04-11 15:05:01'),(51,'user10','1380013819','$2a$10$sa.LDswPwZGaZlf1YZ9RHOKE3pjU85Cp4RSfdELYjpc0l1vZF3oNK','https://randomuser.me/api/portraits/women/10.jpg',2,'1987-02-09',1,'2025-04-07 19:42:26','2025-04-07 21:23:07'),(52,'testuser1','13800000001','$2a$10$ySG2lkvjFHY5O0./CPIE1OI8VJsuKYEzOYzqIa7AJR6sEgSzUFOAm','',1,NULL,1,'2025-04-07 20:39:27','2025-04-07 20:39:27'),(53,'123654','13800138555','$2a$10$Eqr71ICRZxnwI.t5Jf2UjuNAFnPCapVayGikjmaKoRuTgs3E4PdJ.','',0,NULL,1,'2025-04-10 16:06:20','2025-04-10 16:06:20'),(54,'789456','15444445654','$2a$10$8kXTNtCInnzeaF36j5rB6.t9qrYMX9NXky7hYloCjIcsgaQ3T6jz6','https://image-0620.oss-cn-shenzhen.aliyuncs.com/images/2025/04/10/66042bcb75ad42e49215bdbe30d6b2cd.jpg',0,NULL,1,'2025-04-10 16:11:24','2025-04-10 16:11:24'),(55,'123321123321','18316426416','$2a$10$sa.LDswPwZGaZlf1YZ9RHOKE3pjU85Cp4RSfdELYjpc0l1vZF3oNK','https://image-0620.oss-cn-shenzhen.aliyuncs.com/images/2025/04/11/246e41a92ff14eafacfe46f20d2873f6.jpg',0,NULL,1,'2025-04-10 18:27:47','2025-04-11 18:44:55');
/*!40000 ALTER TABLE `t_user` ENABLE KEYS */;
UNLOCK TABLES;

--
-- Table structure for table `t_user_follow`
--

DROP TABLE IF EXISTS `t_user_follow`;
/*!40101 SET @saved_cs_client     = @@character_set_client */;
/*!50503 SET character_set_client = utf8mb4 */;
CREATE TABLE `t_user_follow` (
  `follow_id` bigint NOT NULL AUTO_INCREMENT,
  `follower_id` bigint NOT NULL COMMENT '关注者ID（粉丝）',
  `followed_id` bigint NOT NULL COMMENT '被关注者ID',
  `create_time` datetime DEFAULT CURRENT_TIMESTAMP,
  `status` int DEFAULT '1' COMMENT '状态：0-已取消，1-已关注',
  PRIMARY KEY (`follow_id`),
  UNIQUE KEY `uk_follow` (`follower_id`,`followed_id`),
  KEY `followed_id` (`followed_id`),
  CONSTRAINT `t_user_follow_ibfk_1` FOREIGN KEY (`follower_id`) REFERENCES `t_user` (`user_id`),
  CONSTRAINT `t_user_follow_ibfk_2` FOREIGN KEY (`followed_id`) REFERENCES `t_user` (`user_id`)
) ENGINE=InnoDB AUTO_INCREMENT=6 DEFAULT CHARSET=utf8mb4 COLLATE=utf8mb4_0900_ai_ci COMMENT='用户关注表';
/*!40101 SET character_set_client = @saved_cs_client */;

--
-- Dumping data for table `t_user_follow`
--

LOCK TABLES `t_user_follow` WRITE;
/*!40000 ALTER TABLE `t_user_follow` DISABLE KEYS */;
INSERT INTO `t_user_follow` VALUES (1,46,43,'2025-04-10 00:59:35',1),(2,46,47,'2025-04-10 01:06:29',1),(3,43,42,'2025-04-13 20:11:59',1),(4,46,4,'2025-04-13 20:15:45',1),(5,46,42,'2025-04-14 23:23:41',1);
/*!40000 ALTER TABLE `t_user_follow` ENABLE KEYS */;
UNLOCK TABLES;

--
-- Table structure for table `t_user_interaction`
--

DROP TABLE IF EXISTS `t_user_interaction`;
/*!40101 SET @saved_cs_client     = @@character_set_client */;
/*!50503 SET character_set_client = utf8mb4 */;
CREATE TABLE `t_user_interaction` (
  `interaction_id` bigint NOT NULL AUTO_INCREMENT COMMENT '互动ID',
  `user_id` bigint NOT NULL COMMENT '用户ID',
  `target_id` bigint NOT NULL COMMENT '目标ID（可能是用户ID、帖子ID等）',
  `type` tinyint NOT NULL COMMENT '互动类型：1-喜欢用户，2-不喜欢用户，3-点赞帖子，4-评论帖子，5-分享帖子，6-查看资料，7-接触匹配',
  `source` varchar(50) DEFAULT NULL COMMENT '来源',
  `device_type` varchar(20) DEFAULT NULL COMMENT '设备类型',
  `ip_address` varchar(50) DEFAULT NULL COMMENT 'IP地址',
  `create_time` datetime NOT NULL DEFAULT CURRENT_TIMESTAMP COMMENT '创建时间',
  PRIMARY KEY (`interaction_id`),
  KEY `idx_user_id` (`user_id`),
  KEY `idx_target_id` (`target_id`),
  KEY `idx_create_time` (`create_time`)
) ENGINE=InnoDB AUTO_INCREMENT=13 DEFAULT CHARSET=utf8mb4 COLLATE=utf8mb4_0900_ai_ci COMMENT='用户互动记录表';
/*!40101 SET character_set_client = @saved_cs_client */;

--
-- Dumping data for table `t_user_interaction`
--

LOCK TABLES `t_user_interaction` WRITE;
/*!40000 ALTER TABLE `t_user_interaction` DISABLE KEYS */;
INSERT INTO `t_user_interaction` VALUES (1,10,46,1,NULL,NULL,NULL,'2025-04-12 14:42:39'),(2,7,46,1,NULL,NULL,NULL,'2025-04-12 14:42:45'),(3,46,6,1,NULL,NULL,NULL,'2025-04-12 14:43:04'),(4,46,53,1,NULL,NULL,NULL,'2025-04-12 14:43:05'),(5,46,11,1,NULL,NULL,NULL,'2025-04-12 14:51:22'),(6,2,46,1,NULL,NULL,NULL,'2025-04-12 15:00:14'),(7,46,44,1,NULL,NULL,NULL,'2025-04-12 15:00:19'),(8,46,52,1,NULL,NULL,NULL,'2025-04-12 15:00:23'),(9,8,46,1,NULL,NULL,NULL,'2025-04-13 11:23:22'),(10,46,9,1,NULL,NULL,NULL,'2025-04-13 11:23:28'),(11,4,46,1,NULL,NULL,NULL,'2025-04-13 15:53:45'),(12,42,46,1,NULL,NULL,NULL,'2025-04-13 23:31:21');
/*!40000 ALTER TABLE `t_user_interaction` ENABLE KEYS */;
UNLOCK TABLES;

--
-- Table structure for table `t_user_match`
--

DROP TABLE IF EXISTS `t_user_match`;
/*!40101 SET @saved_cs_client     = @@character_set_client */;
/*!50503 SET character_set_client = utf8mb4 */;
CREATE TABLE `t_user_match` (
  `match_id` bigint NOT NULL AUTO_INCREMENT,
  `user_a_id` bigint NOT NULL COMMENT '用户A',
  `user_b_id` bigint NOT NULL COMMENT '用户B',
  `status` int DEFAULT '0' COMMENT '状态：0-待确认，1-已匹配，2-已解除',
  `create_time` datetime DEFAULT CURRENT_TIMESTAMP,
  `first_message` text COMMENT '单向首条消息内容',
  `first_message_time` datetime DEFAULT NULL COMMENT '首条消息发送时间',
  `first_message_read` tinyint(1) DEFAULT '0' COMMENT '首条消息是否已读',
  PRIMARY KEY (`match_id`),
  UNIQUE KEY `uk_users` (`user_a_id`,`user_b_id`),
  KEY `user_b_id` (`user_b_id`),
  CONSTRAINT `t_user_match_ibfk_1` FOREIGN KEY (`user_a_id`) REFERENCES `t_user` (`user_id`),
  CONSTRAINT `t_user_match_ibfk_2` FOREIGN KEY (`user_b_id`) REFERENCES `t_user` (`user_id`)
) ENGINE=InnoDB AUTO_INCREMENT=45 DEFAULT CHARSET=utf8mb4 COLLATE=utf8mb4_0900_ai_ci COMMENT='匹配记录表';
/*!40101 SET character_set_client = @saved_cs_client */;

--
-- Dumping data for table `t_user_match`
--

LOCK TABLES `t_user_match` WRITE;
/*!40000 ALTER TABLE `t_user_match` DISABLE KEYS */;
INSERT INTO `t_user_match` VALUES (1,2,4,2,'2025-04-07 16:26:27',NULL,NULL,0),(2,2,3,3,'2025-04-07 16:26:28',NULL,NULL,0),(3,2,1,3,'2025-04-07 16:26:28',NULL,NULL,0),(4,2,47,3,'2025-04-07 21:00:28',NULL,NULL,0),(5,2,45,3,'2025-04-07 21:18:34',NULL,NULL,0),(6,2,51,0,'2025-04-07 21:18:36',NULL,NULL,0),(7,51,52,3,'2025-04-07 21:26:22',NULL,NULL,0),(8,51,9,3,'2025-04-07 21:26:23',NULL,NULL,0),(9,51,5,3,'2025-04-07 21:26:48',NULL,NULL,0),(10,51,7,3,'2025-04-07 21:47:13',NULL,NULL,0),(11,51,6,0,'2025-04-07 21:47:14',NULL,NULL,0),(12,47,51,3,'2025-04-08 03:19:38',NULL,NULL,0),(13,51,45,0,'2025-04-08 03:38:46',NULL,NULL,0),(14,51,11,0,'2025-04-08 04:54:43',NULL,NULL,0),(15,51,46,1,'2025-04-08 04:57:10',NULL,NULL,0),(16,46,43,3,'2025-04-10 00:25:47',NULL,NULL,0),(17,47,46,1,'2025-04-10 00:25:50',NULL,NULL,0),(18,45,46,1,'2025-04-10 00:26:00',NULL,NULL,0),(19,46,49,0,'2025-04-10 01:06:11',NULL,NULL,0),(20,54,42,0,'2025-04-10 16:24:32',NULL,NULL,0),(21,49,54,3,'2025-04-10 16:24:34',NULL,NULL,0),(22,47,54,3,'2025-04-10 16:24:36',NULL,NULL,0),(23,54,44,0,'2025-04-10 16:24:37',NULL,NULL,0),(24,5,54,3,'2025-04-10 16:24:41',NULL,NULL,0),(25,50,55,1,'2025-04-11 13:35:19',NULL,NULL,0),(26,55,42,0,'2025-04-11 13:35:21',NULL,NULL,0),(27,55,48,0,'2025-04-11 13:48:19',NULL,NULL,0),(28,5,55,3,'2025-04-11 13:48:28',NULL,NULL,0),(29,55,43,0,'2025-04-11 13:48:32',NULL,NULL,0),(30,55,9,0,'2025-04-11 13:50:49',NULL,NULL,0),(31,2,43,0,'2025-04-11 23:09:59',NULL,NULL,0),(32,49,2,1,'2025-04-11 23:10:01',NULL,NULL,0),(33,10,46,1,'2025-04-12 14:42:39',NULL,NULL,0),(34,7,46,0,'2025-04-12 14:42:45',NULL,NULL,0),(35,46,6,3,'2025-04-12 14:43:04',NULL,NULL,0),(36,46,53,3,'2025-04-12 14:43:05',NULL,NULL,0),(37,46,11,0,'2025-04-12 14:51:22',NULL,NULL,0),(38,2,46,3,'2025-04-12 15:00:14',NULL,NULL,0),(39,46,44,0,'2025-04-12 15:00:19',NULL,NULL,0),(40,46,52,0,'2025-04-12 15:00:23',NULL,NULL,0),(41,8,46,3,'2025-04-13 11:23:22',NULL,NULL,0),(42,46,9,0,'2025-04-13 11:23:28',NULL,NULL,0),(43,4,46,3,'2025-04-13 15:53:45',NULL,NULL,0),(44,42,46,1,'2025-04-13 23:31:21',NULL,NULL,0);
/*!40000 ALTER TABLE `t_user_match` ENABLE KEYS */;
UNLOCK TABLES;
/*!50003 SET @saved_cs_client      = @@character_set_client */ ;
/*!50003 SET @saved_cs_results     = @@character_set_results */ ;
/*!50003 SET @saved_col_connection = @@collation_connection */ ;
/*!50003 SET character_set_client  = utf8mb4 */ ;
/*!50003 SET character_set_results = utf8mb4 */ ;
/*!50003 SET collation_connection  = utf8mb4_0900_ai_ci */ ;
/*!50003 SET @saved_sql_mode       = @@sql_mode */ ;
/*!50003 SET sql_mode              = 'STRICT_TRANS_TABLES,NO_ENGINE_SUBSTITUTION' */ ;
DELIMITER ;;
/*!50003 CREATE*/ /*!50017 DEFINER=`root`@`localhost`*/ /*!50003 TRIGGER `trg_after_user_match_insert` AFTER INSERT ON `t_user_match` FOR EACH ROW BEGIN

  INSERT INTO t_user_interaction (user_id, target_id, type, create_time)

  VALUES (NEW.user_a_id, NEW.user_b_id, 1, NEW.create_time);

END */;;
DELIMITER ;
/*!50003 SET sql_mode              = @saved_sql_mode */ ;
/*!50003 SET character_set_client  = @saved_cs_client */ ;
/*!50003 SET character_set_results = @saved_cs_results */ ;
/*!50003 SET collation_connection  = @saved_col_connection */ ;

--
-- Table structure for table `t_user_preference`
--

DROP TABLE IF EXISTS `t_user_preference`;
/*!40101 SET @saved_cs_client     = @@character_set_client */;
/*!50503 SET character_set_client = utf8mb4 */;
CREATE TABLE `t_user_preference` (
  `preference_id` bigint NOT NULL AUTO_INCREMENT COMMENT '偏好设置ID',
  `user_id` bigint NOT NULL COMMENT '用户ID',
  `interests` text COMMENT '兴趣偏好，多个以逗号分隔',
  `city` varchar(50) DEFAULT NULL COMMENT '意向城市',
  `city_code` varchar(20) DEFAULT NULL COMMENT '城市编码',
  `nearby_only` tinyint(1) DEFAULT '0' COMMENT '是否仅查看附近',
  `max_distance` int DEFAULT '50' COMMENT '最大匹配距离(公里)',
  `min_age` int DEFAULT '18' COMMENT '最小年龄',
  `max_age` int DEFAULT '35' COMMENT '最大年龄',
  `education` int DEFAULT '0' COMMENT '教育程度要求(0-不限，1-高中及以上，2-大专及以上，3-本科及以上，4-硕士及以上，5-博士及以上)',
  `occupation` varchar(50) DEFAULT NULL COMMENT '职业意向',
  `occupation_code` varchar(20) DEFAULT NULL COMMENT '职业编码',
  `verified_only` tinyint(1) DEFAULT '0' COMMENT '是否仅显示已认证用户',
  `create_time` datetime DEFAULT CURRENT_TIMESTAMP COMMENT '创建时间',
  `update_time` datetime DEFAULT CURRENT_TIMESTAMP ON UPDATE CURRENT_TIMESTAMP COMMENT '更新时间',
  `gender_preference` int DEFAULT NULL COMMENT '性别',
  PRIMARY KEY (`preference_id`),
  UNIQUE KEY `uk_user_id` (`user_id`),
  CONSTRAINT `fk_user_preference_user_id` FOREIGN KEY (`user_id`) REFERENCES `t_user` (`user_id`) ON DELETE CASCADE
) ENGINE=InnoDB AUTO_INCREMENT=2 DEFAULT CHARSET=utf8mb4 COLLATE=utf8mb4_0900_ai_ci COMMENT='用户同频偏好设置表';
/*!40101 SET character_set_client = @saved_cs_client */;

--
-- Dumping data for table `t_user_preference`
--

LOCK TABLES `t_user_preference` WRITE;
/*!40000 ALTER TABLE `t_user_preference` DISABLE KEYS */;
INSERT INTO `t_user_preference` VALUES (1,43,'阅读,摄影,写作','null','null',0,50,18,35,0,'','null',0,'2025-04-12 21:46:07','2025-04-12 21:46:07',NULL);
/*!40000 ALTER TABLE `t_user_preference` ENABLE KEYS */;
UNLOCK TABLES;

--
-- Table structure for table `t_user_profile`
--

DROP TABLE IF EXISTS `t_user_profile`;
/*!40101 SET @saved_cs_client     = @@character_set_client */;
/*!50503 SET character_set_client = utf8mb4 */;
CREATE TABLE `t_user_profile` (
  `profile_id` bigint NOT NULL AUTO_INCREMENT,
  `user_id` bigint NOT NULL COMMENT '用户ID',
  `nickname` varchar(50) DEFAULT '' COMMENT '昵称',
  `education` int DEFAULT '0' COMMENT '学历：0-未知，1-大专，2-本科，3-硕士，4-博士',
  `occupation` varchar(50) DEFAULT '' COMMENT '职业',
  `location` varchar(100) DEFAULT '' COMMENT '所在地',
  `self_intro` text COMMENT '自我介绍',
  `hobbies` text COMMENT '兴趣爱好',
  `photos` json DEFAULT NULL COMMENT '个人相册',
  `create_time` datetime DEFAULT CURRENT_TIMESTAMP,
  `update_time` datetime DEFAULT CURRENT_TIMESTAMP ON UPDATE CURRENT_TIMESTAMP,
  `avatar` varchar(255) DEFAULT '' COMMENT '头像URL',
  `city` varchar(50) DEFAULT '' COMMENT '城市',
  `city_code` varchar(20) DEFAULT NULL COMMENT '城市代码',
  `province_code` varchar(20) DEFAULT NULL COMMENT '省份代码',
  `gender` int DEFAULT NULL COMMENT '性别：0-位置，1-男，2-女，3-保密',
  `birthday` varchar(20) CHARACTER SET utf8mb4 COLLATE utf8mb4_0900_ai_ci DEFAULT NULL COMMENT '生日',
  `occupation_code` varchar(20) DEFAULT NULL COMMENT '职业代码',
  `personality` text COMMENT '性格特征',
  `values` text COMMENT '价值观',
  `lifestyle` text COMMENT '生活习惯',
  `activity_level` int DEFAULT NULL COMMENT '活跃度',
  `last_active_time` datetime DEFAULT NULL COMMENT '最后活跃时间',
  PRIMARY KEY (`profile_id`),
  KEY `user_id` (`user_id`),
  CONSTRAINT `t_user_profile_ibfk_1` FOREIGN KEY (`user_id`) REFERENCES `t_user` (`user_id`)
) ENGINE=InnoDB AUTO_INCREMENT=42 DEFAULT CHARSET=utf8mb4 COLLATE=utf8mb4_0900_ai_ci COMMENT='用户资料表';
/*!40101 SET character_set_client = @saved_cs_client */;

--
-- Dumping data for table `t_user_profile`
--

LOCK TABLES `t_user_profile` WRITE;
/*!40000 ALTER TABLE `t_user_profile` DISABLE KEYS */;
INSERT INTO `t_user_profile` VALUES (11,11,'测试用户',0,'','',NULL,NULL,NULL,'2025-04-07 16:32:09','2025-04-07 16:32:09','','','','',0,'','',NULL,NULL,NULL,NULL,NULL),(12,1,'小明',2,'软件工程师','北京市海淀区','热爱编程，喜欢探索新技术','编程,旅行,阅读','[\"https://picsum.photos/id/1/300/400\", \"https://picsum.photos/id/2/300/400\", \"https://picsum.photos/id/3/300/400\"]','2025-04-07 19:42:26','2025-04-07 19:42:26','','','','',0,'','',NULL,NULL,NULL,NULL,NULL),(13,2,'testuser',3,'设计师','上海市静安区','123456564654646','设计,摄影,绘画','[\"https://picsum.photos/id/4/300/400\", \"https://picsum.photos/id/5/300/400\", \"https://picsum.photos/id/6/300/400\"]','2025-04-07 19:42:26','2025-04-12 14:20:12','https://image-0620.oss-cn-shenzhen.aliyuncs.com/images/2025/04/11/b2a3abbe9f37485e97d64e4867b564a5.png','广州市','','',0,'','',NULL,NULL,NULL,NULL,NULL),(14,3,'小李',2,'产品经理','广州市天河区','热爱产品设计，关注用户体验','产品设计,读书,健身','[\"https://picsum.photos/id/1/300/400\", \"https://picsum.photos/id/2/300/400\", \"https://picsum.photos/id/3/300/400\"]','2025-04-07 19:42:26','2025-04-07 19:42:26','','','','',0,'','',NULL,NULL,NULL,NULL,NULL),(15,4,'小芳',4,'教师','深圳市南山区','热爱教育事业，喜欢与学生互动','教育,音乐,烹饪','[\"https://picsum.photos/id/4/300/400\", \"https://picsum.photos/id/5/300/400\", \"https://picsum.photos/id/6/300/400\"]','2025-04-07 19:42:26','2025-04-07 19:42:26','','','','',0,'','',NULL,NULL,NULL,NULL,NULL),(16,5,'小王',1,'市场专员','杭州市西湖区','擅长市场策划和推广','营销,电影,跑步','[\"https://picsum.photos/id/1/300/400\", \"https://picsum.photos/id/2/300/400\", \"https://picsum.photos/id/3/300/400\"]','2025-04-07 19:42:26','2025-04-07 19:42:26','','','','',0,'','',NULL,NULL,NULL,NULL,NULL),(17,6,'小张',2,'财务分析师','南京市玄武区','细致认真，擅长数据分析','财务,游泳,旅游','[\"https://picsum.photos/id/4/300/400\", \"https://picsum.photos/id/5/300/400\", \"https://picsum.photos/id/6/300/400\"]','2025-04-07 19:42:26','2025-04-07 19:42:26','','','','',0,'','',NULL,NULL,NULL,NULL,NULL),(18,7,'小刚',3,'医生','成都市武侯区','关注健康医疗，乐于助人','医学,志愿服务,音乐','[\"https://picsum.photos/id/1/300/400\", \"https://picsum.photos/id/2/300/400\", \"https://picsum.photos/id/3/300/400\"]','2025-04-07 19:42:26','2025-04-07 19:42:26','','','','',0,'','',NULL,NULL,NULL,NULL,NULL),(19,8,'小梅',2,'人力资源','武汉市洪山区','善于沟通，热爱团队协作','心理学,瑜伽,阅读','[\"https://picsum.photos/id/4/300/400\", \"https://picsum.photos/id/5/300/400\", \"https://picsum.photos/id/6/300/400\"]','2025-04-07 19:42:26','2025-04-07 19:42:26','','','','',0,'','',NULL,NULL,NULL,NULL,NULL),(20,9,'小杨',1,'销售经理','重庆市渝中区','性格开朗，喜欢与人交流','销售,篮球,摄影','[\"https://picsum.photos/id/1/300/400\", \"https://picsum.photos/id/2/300/400\", \"https://picsum.photos/id/3/300/400\"]','2025-04-07 19:42:26','2025-04-07 19:42:26','','','','',0,'','',NULL,NULL,NULL,NULL,NULL),(21,10,'小林',3,'研究员','西安市雁塔区','探索科学奥秘，追求真理','科研,历史,钢琴','[\"https://picsum.photos/id/4/300/400\", \"https://picsum.photos/id/5/300/400\", \"https://picsum.photos/id/6/300/400\"]','2025-04-07 19:42:26','2025-04-07 19:42:26','','','','',0,'','',NULL,NULL,NULL,NULL,NULL),(22,42,'user1',3,'测试','','哥是个传说','健身,舞蹈,音乐',NULL,'2025-04-07 20:35:24','2025-04-08 05:24:14','https://randomuser.me/api/portraits/men/1.jpg','上海市','310100','310000',1,'2002-01-01','',NULL,NULL,NULL,NULL,NULL),(23,51,'user10',0,'','',NULL,NULL,NULL,'2025-04-07 20:35:24','2025-04-08 05:24:14','https://randomuser.me/api/portraits/women/10.jpg','','','',0,'','',NULL,NULL,NULL,NULL,NULL),(25,44,'user3',0,'','',NULL,NULL,NULL,'2025-04-07 20:35:24','2025-04-08 05:24:14','https://randomuser.me/api/portraits/men/3.jpg','','','',0,'','',NULL,NULL,NULL,NULL,NULL),(26,45,'user4',0,'','',NULL,NULL,NULL,'2025-04-07 20:35:24','2025-04-08 05:24:14','https://randomuser.me/api/portraits/women/4.jpg','','','',0,'','',NULL,NULL,NULL,NULL,NULL),(27,46,'user5',5,'互联网','','爱思','宠物,健身,设计',NULL,'2025-04-07 20:35:24','2025-04-08 05:24:14','https://randomuser.me/api/portraits/men/5.jpg','上海市','310100','310000',1,'1945-01-01','',NULL,NULL,NULL,NULL,NULL),(28,47,'user6',0,'','',NULL,NULL,NULL,'2025-04-07 20:35:24','2025-04-08 05:24:14','https://randomuser.me/api/portraits/women/6.jpg','','','',0,'','',NULL,NULL,NULL,NULL,NULL),(29,48,'user7',0,'','',NULL,NULL,NULL,'2025-04-07 20:35:24','2025-04-08 05:24:14','https://randomuser.me/api/portraits/men/7.jpg','','','',0,'','',NULL,NULL,NULL,NULL,NULL),(30,49,'user8',0,'','',NULL,NULL,NULL,'2025-04-07 20:35:24','2025-04-08 05:24:14','https://randomuser.me/api/portraits/women/8.jpg','','','',0,'','',NULL,NULL,NULL,NULL,NULL),(31,50,'user9',0,'','',NULL,NULL,NULL,'2025-04-07 20:35:24','2025-04-08 05:24:14','https://randomuser.me/api/portraits/men/9.jpg','','','',0,'','',NULL,NULL,NULL,NULL,NULL),(37,52,'testuser1',0,'软件工程师','北京',NULL,NULL,NULL,'2025-04-07 20:39:27','2025-04-07 20:39:27','','','','',0,'','',NULL,NULL,NULL,NULL,NULL),(38,53,'1234665',0,'','',NULL,NULL,NULL,'2025-04-10 16:06:20','2025-04-10 16:06:20','','','','',0,'','',NULL,NULL,NULL,NULL,NULL),(39,54,'6546546546',0,'','',NULL,NULL,NULL,'2025-04-10 16:11:24','2025-04-10 16:11:24','','','','',0,'','',NULL,NULL,NULL,NULL,NULL),(40,55,'123456',0,'','',NULL,NULL,NULL,'2025-04-10 18:27:47','2025-04-11 20:30:12','https://image-0620.oss-cn-shenzhen.aliyuncs.com/images/2025/04/11/246e41a92ff14eafacfe46f20d2873f6.jpg','','','',1,'','',NULL,NULL,NULL,NULL,NULL),(41,43,'user2',0,'','',NULL,NULL,NULL,'2025-04-14 13:33:15','2025-04-14 13:33:15','','',NULL,NULL,NULL,NULL,NULL,NULL,NULL,NULL,NULL,NULL);
/*!40000 ALTER TABLE `t_user_profile` ENABLE KEYS */;
UNLOCK TABLES;

--
-- Table structure for table `t_user_settings`
--

DROP TABLE IF EXISTS `t_user_settings`;
/*!40101 SET @saved_cs_client     = @@character_set_client */;
/*!50503 SET character_set_client = utf8mb4 */;
CREATE TABLE `t_user_settings` (
  `setting_id` bigint NOT NULL AUTO_INCREMENT,
  `user_id` bigint NOT NULL COMMENT '用户ID',
  `receive_first_message` int DEFAULT '1' COMMENT '接收首条消息设置：0-拒绝所有，1-接收全部，2-仅接收推荐用户',
  `show_online_status` tinyint(1) DEFAULT '1' COMMENT '显示在线状态',
  `create_time` datetime DEFAULT CURRENT_TIMESTAMP,
  `update_time` datetime DEFAULT CURRENT_TIMESTAMP ON UPDATE CURRENT_TIMESTAMP,
  PRIMARY KEY (`setting_id`),
  UNIQUE KEY `uk_user_id` (`user_id`),
  CONSTRAINT `t_user_settings_ibfk_1` FOREIGN KEY (`user_id`) REFERENCES `t_user` (`user_id`)
) ENGINE=InnoDB DEFAULT CHARSET=utf8mb4 COLLATE=utf8mb4_0900_ai_ci COMMENT='用户设置表';
/*!40101 SET character_set_client = @saved_cs_client */;

--
-- Dumping data for table `t_user_settings`
--

LOCK TABLES `t_user_settings` WRITE;
/*!40000 ALTER TABLE `t_user_settings` DISABLE KEYS */;
/*!40000 ALTER TABLE `t_user_settings` ENABLE KEYS */;
UNLOCK TABLES;

--
-- Table structure for table `t_verification`
--

DROP TABLE IF EXISTS `t_verification`;
/*!40101 SET @saved_cs_client     = @@character_set_client */;
/*!50503 SET character_set_client = utf8mb4 */;
CREATE TABLE `t_verification` (
  `verification_id` bigint NOT NULL AUTO_INCREMENT COMMENT '认证ID',
  `user_id` bigint NOT NULL COMMENT '用户ID',
  `type` varchar(20) NOT NULL COMMENT '认证类型：identity-身份认证，education-教育认证',
  `status` varchar(20) NOT NULL COMMENT '认证状态：pending-待审核，approved-已通过，rejected-已拒绝',
  `reject_reason` varchar(255) DEFAULT NULL COMMENT '拒绝原因',
  `create_time` datetime NOT NULL COMMENT '认证提交时间',
  `update_time` datetime DEFAULT NULL COMMENT '认证审核时间',
  PRIMARY KEY (`verification_id`),
  KEY `idx_user_id` (`user_id`),
  KEY `idx_type_status` (`type`,`status`)
) ENGINE=InnoDB AUTO_INCREMENT=5 DEFAULT CHARSET=utf8mb4 COLLATE=utf8mb4_0900_ai_ci COMMENT='用户认证表';
/*!40101 SET character_set_client = @saved_cs_client */;

--
-- Dumping data for table `t_verification`
--

LOCK TABLES `t_verification` WRITE;
/*!40000 ALTER TABLE `t_verification` DISABLE KEYS */;
INSERT INTO `t_verification` VALUES (2,46,'identity','approved','','2025-04-14 22:06:21','2025-04-14 22:41:45'),(3,46,'education','rejected','查无此校','2025-04-14 22:42:37','2025-04-14 22:42:58'),(4,46,'education','approved','','2025-04-15 16:32:48','2025-04-15 16:32:58');
/*!40000 ALTER TABLE `t_verification` ENABLE KEYS */;
UNLOCK TABLES;

--
-- Temporary view structure for view `v_user_interaction_stats`
--

DROP TABLE IF EXISTS `v_user_interaction_stats`;
/*!50001 DROP VIEW IF EXISTS `v_user_interaction_stats`*/;
SET @saved_cs_client     = @@character_set_client;
/*!50503 SET character_set_client = utf8mb4 */;
/*!50001 CREATE VIEW `v_user_interaction_stats` AS SELECT 
 1 AS `user_id`,
 1 AS `total_interactions`,
 1 AS `like_users_count`,
 1 AS `dislike_users_count`,
 1 AS `like_posts_count`,
 1 AS `comment_posts_count`,
 1 AS `share_posts_count`,
 1 AS `view_profile_count`,
 1 AS `unmatch_count`,
 1 AS `interaction_date`*/;
SET character_set_client = @saved_cs_client;

--
-- Dumping routines for database 'social'
--

--
-- Final view structure for view `v_user_interaction_stats`
--

/*!50001 DROP VIEW IF EXISTS `v_user_interaction_stats`*/;
/*!50001 SET @saved_cs_client          = @@character_set_client */;
/*!50001 SET @saved_cs_results         = @@character_set_results */;
/*!50001 SET @saved_col_connection     = @@collation_connection */;
/*!50001 SET character_set_client      = utf8mb4 */;
/*!50001 SET character_set_results     = utf8mb4 */;
/*!50001 SET collation_connection      = utf8mb4_0900_ai_ci */;
/*!50001 CREATE ALGORITHM=UNDEFINED */
/*!50013 DEFINER=`root`@`localhost` SQL SECURITY DEFINER */
/*!50001 VIEW `v_user_interaction_stats` AS select `t_user_interaction`.`user_id` AS `user_id`,count(0) AS `total_interactions`,sum((case when (`t_user_interaction`.`type` = 1) then 1 else 0 end)) AS `like_users_count`,sum((case when (`t_user_interaction`.`type` = 2) then 1 else 0 end)) AS `dislike_users_count`,sum((case when (`t_user_interaction`.`type` = 3) then 1 else 0 end)) AS `like_posts_count`,sum((case when (`t_user_interaction`.`type` = 4) then 1 else 0 end)) AS `comment_posts_count`,sum((case when (`t_user_interaction`.`type` = 5) then 1 else 0 end)) AS `share_posts_count`,sum((case when (`t_user_interaction`.`type` = 6) then 1 else 0 end)) AS `view_profile_count`,sum((case when (`t_user_interaction`.`type` = 7) then 1 else 0 end)) AS `unmatch_count`,cast(`t_user_interaction`.`create_time` as date) AS `interaction_date` from `t_user_interaction` group by `t_user_interaction`.`user_id`,cast(`t_user_interaction`.`create_time` as date) */;
/*!50001 SET character_set_client      = @saved_cs_client */;
/*!50001 SET character_set_results     = @saved_cs_results */;
/*!50001 SET collation_connection      = @saved_col_connection */;
/*!40103 SET TIME_ZONE=@OLD_TIME_ZONE */;

/*!40101 SET SQL_MODE=@OLD_SQL_MODE */;
/*!40014 SET FOREIGN_KEY_CHECKS=@OLD_FOREIGN_KEY_CHECKS */;
/*!40014 SET UNIQUE_CHECKS=@OLD_UNIQUE_CHECKS */;
/*!40101 SET CHARACTER_SET_CLIENT=@OLD_CHARACTER_SET_CLIENT */;
/*!40101 SET CHARACTER_SET_RESULTS=@OLD_CHARACTER_SET_RESULTS */;
/*!40101 SET COLLATION_CONNECTION=@OLD_COLLATION_CONNECTION */;
/*!40111 SET SQL_NOTES=@OLD_SQL_NOTES */;

-- Dump completed on 2025-04-17 21:17:19
